patient_id,prediction,reference
valid_730_a_1,"CONCLUSION: Theostatical structures of the hypothalolarallyal cortexalocytes areomesomeaticallyallyallyallyicallyallyallyicallyallyalatophalallyalalalizedation, andinopathologyalalousalalonyalalaturealalatoalalanalalia. Theophyophalalularalalocyalatinalalatealaloblaturalatals in vivoallyallyatologicallyallyallyalyosaalalatalalaealalopolaralalomaalalofalalas
BRAIN: Theostatical structures of the hypothalolarallyal cortexalalicinocytes areomesomeologicallyicallyallyallyallyaticallyalallyallyalalalatophonyalalousalizedation, which isopathologyalallyalanalalatoalularalia.
Inosaophalalopolaralalocyolyolature andoccitosomalallyalasalalomaalatals in vivoallyallyatophalatinalalatealaloblaturalocules wereodallyallyalyonal
FACE: Theostatical structures of the hypothalolarallyal cortexalicinocytes areomesomeologicallyicallyallyallyallyaticallyalallyallyalalalatophonyalalousalizedation, which isopathologyalalatealalia andoccitocyolyonalalanalalatoalomaalalaturealomasalatola. Theophyophosisalalularalizationalatedalalopolaraloblaturalalatinalalocortalals in the centralisumalasomalal
LUNG: Aallyal cortexals are locatedallyallyallyousa of the brainstematum,occitallyalis of the cerebellum,pulatumalotes of the occipacium, andropiculoata of the posteriorateal regionus of the cerebralatusum. Theseal structuresations of the mesolateralal layerosa of the upperoparum are presentatedallyallyalofaloles of the anterioraleal fossa (MP) of the rightoraxal area of the leftispagus
HEART: Theologicalallyaaticaataalumousa (MP) isosteologicallyallyallyallyiculoalanularosaalomasalatomaturaionalaloraronalalomaalophaliformalicularaturealodationalochusimotoriocularosionaryralisomaloectomeortonoidaloblastalealotenceolateralalomicalopathologications. The presence of the posterioral region of the brainstemalum, andopaquealinomedalolithotomyal
AORTA: Theophaceousalousa

Descriptionum


Aiophaceousus


Bacterialaulae


biolata


brancaturea


fractation


titomyosome


tragenicotes


ciliaryalatals


dections


lactations


nemesisas


microosteativeis


mucosaalatumus

orium


peritonealula


placulararificta
ESOPHAGUS: Aalallyaataa of theropodatusumus (PPi) isocalallyallyallyarallyallyaallyaals, andifesionalallyalealallyomatallyis.

In vivoalallyanalateallyinosaalabiformalatumus orificealulosomealallyus-eolateralallyitallyicallybundibiligamentoallobedationallyitisorallyismus in situafiliaciónanaalensisalopictus. The
TRACHEA: Theoretumallyicallyicallyicallyaticallyallyallyicallyallyallyallyaticallyallyativelyallyallyinallyallyalallyallyolated in vivoallyallyiallyallyallyodedallyallytallyallyisticallyallyallyophaceousallyallyulatedallyallyomallyallyotallyallyomedallyallyballyallyanallyallyostallyallyionalallyallyictallyally.

Aationallyallyolyamentallyally-inducedallyallyitallyallyoballyallyonallyallyeticallyallyallyficientallyallymallyombally
SPINE: Theostatical structures of the hypothalolarallyal cortexalicinocytes areomesomeologicallyaticallyallyallyallyicallyallyallyalalalatophonyalalousalanalalopathalalia, andisodalizedationalalocyolyolaturealatoalularalocules.
Aalizationalomasomalaloponalalomaaloblaturalotatinalosomesetalomolaralals in the mesophyophalumalalofalaloblastiumalocha
RIB: This is the first of a series oniatica.

Inociousalitis has been described byifiedes, orifices, andsions, was found in oophaceousatous (t) atium-inucleosomes were isolatedated fromenized cells were culturedated with plaques were stainedateyctalized nucleiformes were obtainedicular biopularies were positiveizationalized histones were negativeocyculose -1/lactyl-naphthicia [see below]
STERNUM: Theoriesia of the anterioral region of the hypothalature of the hippocampusalosaaliculoalallyallyallyalousalaticallyalularalosta, andretinalalocularalomaalolyolizededationalotenitisaloscaticalophalomasalopathologicallyaticallyal. The lesion was found in the medialatumalodalofolaroastotomyalopulosomeologousinochoronaromaturalocyalizationaloblastaleaniformaloblatinology
LIVER: This is the first time of this week.

I have been to findenicallyalousityic acidosis (CD) was presentated in the ciliaryaliumoloid, andcortallyolobacolocholomeolocolotoloisolatolopholocyololyoloxolololodololostatinololomologenicololomaololodeololologololoseololoscololomicololocolololopolololeololubolol
GALLBLADDER: Theophatical structures of the hypothalolarallyal cortexalicinocytes areomesomeologicallyicallyaticallyalallyallyallyalalalizedalalopathalatousalonyalia, andostalalanalalatoalularalocyaturalationatealochaolaturealomaalomas.
Aaloblolaralopulationalizationalomolaralatinalalocortalodalals in vivoallyallyatophalalofalalobaceousalasomalalaeonalal
STOMACH: Insectaomesomeomicographyicity (OMP) is found in the brain of the cereolum of the hippocampusal cortex of the hypothalatum of the medialofally region of the caudals of the nucleusus of the mesocortic layer of the neocortex of the subcortinium of the right surface of the basalosion of the pralonyal area of the left part of the corpusosaophal structure of the cerebralostructure of the centraloepology of the CNSomolar regions of the primary
PANCREAS: Theostatical structures of the hypothalolarallyal cortexalicinocytes areomesomeologicallyicallyallyallyallyalalalatophonyalalousalalia, which isaticallyalizedationalopathologyalalodalalanalalatoalocyolyolismalaturealatomaalomas.
Inosaolaralularalopolaralochaatealoblaturalocules andoccitosealomolaralematosomesonallyaloblastiumalotatinalimolar
SPLEEN: Theoryologyologicalologicalologicalopathology

(a)

Bacterialicityicityolationesomeatophomes (b) are present in the nucleusocularallyinologicallyalized withoticallyoliformicobaceousolae, andpolarochonyoliconoloids.

Cortions were isolated fromoposed tolociosomes that contain aoriticophomodified histones (c).

Aplodeologies were found on the surface of the nucleoplomic-associatedousities
KIDNEY: Theostatical structures of the hypothalolarallyal cortexalicinocytes areomesomeologicallyicallyallyallyallyaticallyalallyallyalalalatophonyalalousalia andoccitallyallyanalalopathalalatoalalocyolyolationatealizedaloblaturalularalocules.
Aalomasomalaturealomaaloponalalochaataalomolaralatals, which include aoralodalinealotatinologyalosomesetalyosaal
ADRENAL: Theophatical structures of the hypothalolaral cortexalallyal areomesomeologicallyicallyallyallyallyalalizedalalalatalicinaturealalostalalonyalalopathalalousalia.
Inosaophalalularalocyalationatealocytes andoccitallyallyanalalopolyonalomaalatoalomas, which isaticallyalodalinealisalomaturalocholismalatologyalatologicalaloblatinalocules in the
COLON: This is the first time of this was found in the central part of the body of the brain of the cereolum of the left cerebral cortex of the right temporal sulosa of the occatumal of the nucleus of the medialofal of aorta of the parastral of the caudal and the preorium of the posterior portion of the corpusus of the thromia of the center of the middle of the region of the hippocampus of the area of the anterioro-cortex of the lateralofome of the upper
INTESTINE: Theophatical structures of the hypothalolarallyal cortexalicinocytes areomesomeologicallyicallyallyallyallyaticallyalallyallyalalizedalalalatalalopathalalousalalonyalalia, andostalalanalalatoalocyolyolaturealationatealoblolaralocules. Theoccitalularalomaalalopolaralalomasalatals in the mesodemolaralofalalatinalalasalalomaturalalochaal
BLADDER: Theostatical structures of the hypothalolarallyal cortexalicinocytes areomesomeologicallyicallyallyallyallyaticallyalallyallyalalalatophonyalalousalia andoccitallyallyanalalopathalalatoalalocyolyolature, which isodallyalizedationatealoponalularalocha.
Aalizationaloblaturalomasomalalatomaalocules in the mesophyophalalatinalalofalaloblastalosomesetal
PROSTATE: Theostatical structures arealallyallyallyicallyallyallyalizedallyallyatophalallyalalalicolaralalousalalinonyalocytes of the hypothalatumalalatoalalocularalosaalanalopathalalia. Theoccitologicallyalalocyolyolation isinatealodalochaomesomeonalalomaalopolaralosomalaturealomaturalomas, andretinalaloblolaralotatinalemolaraloblastiumalofal
UTERUS: Theostatical structures of the hypothalolarallyal cortexalicinocytes areomesomeologicallyaticallyallyallyallyicallyallyallyatallyallyalalophalalalousalalia, andoccitallyalizedationalalonyalopathalalatoalalocyolyaolaturealanalalomaalomasalatals.
Aalizationalalularaloponalaloblaturalocules areinateallyallyemodallyalatalyalalatalalobaceousalochal
HUMERUS: Theostatical structures of the hypothalolarallyal cortexalalicinocytes areomesomeologicallyicallyallyallyallyalalalatophonyalalousalizedationalopathology, includingonallyalanalalatoalia.
Inosaodalularalomaalocyolyolismalaturealopaatealoblaturalomas inducalofalalocules andoccitosealomematicallyalalochalosomesomalalatologies of theorticalalisumalal
SCAPULA: This is my favorite of the day.

I have been told to say that I am gladified byed, but it was a very pleasant and she had not muchenedenenedenenenenedenedenedenethedenenertenen...

butteroloxylacosomeoloxaloxoloxanololoxololoxuloxol-

(a)


[b]tillaceousoloxinoloxulinoloxnucleoloxonoloxun [b]
CLAVICULA: Theostatical structures of the hypothalolaral cortexalallyalophinocytes areomesomeologicallyaticallyalallyallyallyalalalatonyalousalia.
Aalopathologyalalanalalationalalatoalomaalocyolyolature andoccitosomalicallyonalularalomas, which include aorodalisochaules that formateulatealized theophyopharyalumalopins inducalofaliumalalimaturalomolaralemesisal
FEMUR: Theophatical structures of the hypothalolarallyal cortexalicinocytes areomesomeologicallyicallyallyallyallyaticallyalallyallyalalalatalalopathalalousalalonyalalia, andostalalanalalatoalocyolyolationatealizedaloblaturealularalocha. Theoccitosomalosisalalomaaloponalalomasalalocules inducalodalalofalalatinalalomaturalotolaraloblastiumal
HIP: Theostatical structures of the hypothalolarallyal cortexalicinocytes areomesomeologicallyicallyallyallyallyaticallyalallyallyalalalatophonyalalousalia andoccitallyallyanalalopathalalatoalalocyolyaatics. Theophyophalularalizedation isinatealaloponalalodaloblaturealocholusatealomas, includingotolaralocapules of the centralisumaliumalofalalatinalaloblastalal
SACRUM: Theostatical structures of the hypothalolarallyal cortexalicinocytes areomesomeologicallyaticallyallyallyallyicallyallyallyalalalatophonyalalousalalia, which isopolarized byatinologyalopathalalocyolyolature andoccitosomalallyalanalation.
Inomolaralularalomaalalatoalalasalalaealalatealaloblaturalocules inlolaralatalyosaalatalalapalalomasalat
GLUTEUS: Theophatical structures of the hypothalolarallyal cortexalalicinocytes areomesomeologicallyicallyallyallyallyaticallyalizedatealalalatalopathalalousalonyalia. Theostalularalinealationalalatoalanalomaalocyaturalomas, andoccitosomalaturealoponalalochaolonyalaloblatinalocules inlolaralodalatalyosaalomolaraloblastalizationalatologyalatologicalal
ILIOPSOAS: ocyolaral thicknessophalicopathology and areodallyatologicallyaticallyalizedation of the hypothalosomes.
Theostaticalinealinaturealonyalanalizationalia, includingotolaralochaomeolonyonalomaalomas in thepolaralocules of themisolaralularalatoofematuralousities, which include aoccismalomolyosises of themoidalocytes of theliumalimolaraloblastata. Inclusionsalal
AUTOCHTHON: Theoryophia of the hippocampusalicinomes are presentallyallyallyaticallyologicallyicallyicallyicallyolized inotolarized withreted histocules, andpucortes, orcortes were found byoriallyated homoplacularoidousified lesions (MHC)bioned-tomeopathologies. The presence of aldosylationalizationations were alsoomolarized toenucleated/mociosaocyolyolized cells were isolatedoblastomaathematologyatically","CONCLUSION: Sequelae changes in the left lung. No sign of pneumonia was detected.
LUNG: Pleuroparenchymal sequelae density increases were observed in the left lung inferior lingular segment. No mass nodule-infiltration was detected in both lung parenchyma. Sequelae changes are present in the left lung.
HEART: Heart contour size is natural.
AORTA: No dilatation was detected in the thoracic aorta.
ESOPHAGUS: Thoracic esophagus calibration was normal and no significant pathological wall thickening was detected.
TRACHEA: Trachea and lumen of both main bronchi are open. No occlusive pathology was detected in the trachea and lumen of both main bronchi."
valid_75_a_1,"CONCLUSION: The body of the hypothalolar epithelium consistsales are predominantlyallyallyallyalicinocytes are present for anophaceousalized, and isostatinous tissue structures are consistosed in the basalolum. The absence of the oturolar surface of the mesotolar region is predominaticalopolar structure is characterizedallyatochia, including thepolar macoliortules are homodematurocyolytation, andtheomasomeopathology may beomolarization of the upperofeporias, and
BRAIN: The body of the hypothalolar epithelium is composedaticallyal and consistsopolar structures are predominantlyallyized. The histology of the basalolum consistatomes are homophinocytes are present for the presence of aortic thickness, including the absence of the right surface of the periracia and the normalization of the subcutulation of the left portion of the upper part of the oturolar region.
Intheostomaturature in the area of the mesotolar structure of the central tissue of the proximal
FACE: The body of the hypothalolar epithelium is composedaticallyal and consistsatophinocytes are predominantlyallyized.

Motorolar structures of the mesolum are consistopolar thicknesses are present, including the basalotolar structure of the right surface of the ventoliocortic tissue, which includes the left portion of the upper part of the brainstem. The normalization of the peritoneal mucosa is characterized by the absence of the outer layer of the proxolar region of the central cortex. Inclusions of the sub
LUNG: Aealitisousisisisum (AEals) are the most common features of the human body. They consistations are located in the upper part of the femoral arteryageal arteries (MH) and they formations areotomousousousomas (PI). The anterioration is aorta to the posterior portion of the head of the patient. Inferations are present in the trabular region of the skull of the pitoneumatum,thehemasomenusaeolomas(T)are
HEART: We've got it'd have'd be'ded to get'd'd'dt'd'd'

The body of the head of the upper part of the lower portion of the neck of the tulium of the tranum of the femostolus of the distalities of the uropularity of the oophotula of the peritoneal and the polarulum of the mesos of the cortical structures of the subcutularia of the lastomias of the iloculara of the a
AORTA: Inventation of the body of the head of the brain of the cerebellum of the cortexus of the hypothalosion of the nucleus of the palorals of the corpusus. Inferations of the perium of the cepulae of the mesotemes of the caudalofibular structures of the subcorti of the placentas of the oophulsions of the tropolons of the tracortors of the thapules of the coluples of the tissueat
ESOPHAGUS: This is a interesting one-to-one. It's funny, and it's funny. But you can't tell me abouta?
I've gotiito! I'miitosoftopipipipiptapipipotipipropipiportipipilipipiripipibipipifipipictipipientipipillipipinctipipippipipipsipipectipipiopipipiplipipoptipipepipipargetipipoppipipih
TRACHEA: In this study we investigated the effectofiologicicity of aeoligulae in human skeletalocultations. In vivoomicinobiological interactions wereificantlyally induced anneural epitomeomes (TPs). We studied the intracitonusal structures that areomicallyoposedlyate,perforatally andpulsivelylyatedlytallyitallyized tocopticiallyactivibileation-inducedobilibosimallyectoridativebodiesubilabstractanitisionalities
SPINE: The body of the hypothalolar epithelium is predominantlyallyalicinocytes are present for anophaceousal tissue. The histolyology consistsatomes are homologous and consistocyolar structures are alsoopolarized in the basalolum, which include the oturolar region of the left surface of the right portion of the mesocortes.

Intheostomaturosomalia are located of the uppermost part of the brain of the proximal margin of the head of the skull of the occolar cortex.
RIB: A.

This is a reference to the original of this sectionalousus, anda-

Analomas are usuallyousousousicularousousialousousicularousousolousousotectoidousousosectalousousetigulatociliaryousousortitisomehematurocyosteniumumeralocytesystemosaophositomaovasculesepidia


The presence of anaphaticousousuleousousenceesisperitoneosculaontinendermacip
STERNUM: A new study published in the journal of a review of the effect of dose-response relationship between of age-specific differences of body size, muscle thickness, and total volume, and length, and number of femur diameter, and peritoneal area, and pulosity, and oedema, and ureolarity, and lupolation), and posturgicalologicia, or histopathology, or caudal region, or spularula, or turgules, or/cortal).

The results of
LIVER: This is the first part of

I have to be, I don't.


The body of was noted byeneded andtotatolizeditocontortosedorectoredropenetoxactinobulatedirreduneproteutumoleteroercosterenta-polarochaculteralemecodeonucleofctubularuncervuhetheromeolucodumpocyelimuluntereopendylerosetrigenteerturbulesetomyr
GALLBLADDER: The body of the hypothalolar epithelium is composedaticallyal and consistsatophinocytes are predominantlyallyized.

Motorolar structures of the central surface of the mesocortum are consistopolar thicknesses are present, including the basalotolar structure of the right portion of the left oturolar region, which includes the submolar regions of the upper part of the brain. The normalization of the peritoneal tissue in the area of the head of the skull of the occipolar cortex. Inclusions of the
STOMACH: versea is the name of this article.

Aversei is the term used to to to in to to (to) and it, to to titusumisoterete telelecte-tortonomium-torontostormite-turerepository-trotar-turter-trevalent-tu-tutural-TTT_/).
TheTeTTOTortororobositortor-TreTrTer-TTTTT
PANCREAS: The body of the hypothalocortic tissue isalallyallyatophinocytes are present for the presence of aorolar structures of the ventolum. The histolyology of the central surface of the mesotolar region of the brainstem and the absence of the main thickness of the right portion of the upper part of the head of the oturolar structure.
Intheostomia of the basalosomes of the left of the skull of the occolar area of the peritoneal epithelium, including the subcut
SPLEEN: -
By:
The: http://www.b.com/

To: https://t.coen.org/ //T: http:/Coit: http:http:https:i:1:0:00:03:01:02:04:10:14:15:16:19:13:12:11:18:20:21:22:23:24:R) The::::-:::[:::"":::(::;:: ::::::
KIDNEY: The body of the hypothalolar region of the basalal cortex is present for anophaceousal epithelium, and itostatinocytes are alsooplast cellic structures.

Motorolar anatomy of the central surface of the brain of the ventololar portion of the mesocortum. The tissue structure of the submolar regions of the uppermost part of the skull of the proximal margin of the head of the right of the occolar thickness of the oturolar area of the peritoneal tract. Inclusions of
ADRENAL: The body of the hypothalolar epithelium is predominantlyallyicinocytes are present for anophaceousal structure.

Motorolar structures of the mesocorta are consistosed, including the basalotolar surface of the right and aostatic tissue of the ventolum. The histolyology of the uppermost portion of the brain of the proxolar region of the left part of the head of the skull of the anteriorofemolar cortex. Inclusions of the perirmalatia of the subcortes of
COLON: The body of the hypothalolar epithelium is composedaticallyal and consistsatophinocytes are predominantlyallyicized.

Motorolar structures of the mesocorta are consistosed, including the basalotolar surface of the right portion of the ventolum, which includes the left oturolar tissue of the uppermost part of the brainstem. The normalization of the peritoneal mucosa was characterized by the absence of the main thickness of the subcutolar structure of the proxolar region of the central area of the
INTESTINE: The body of the hypothalolar structure is predominantlyallyalicinocytes are composedologicallyologicallyologicallyicallyologicallyologicallyaticallyatophia.

Motorolar structures of the basalolum are consistopolarized, including the mesostemolar andpolar epithelium, which include the central surface of the ventosalocortes. The absence of the right portion of the uppermost part of the brainstem consistsales in the presence of the left oturolar tissue. Inclusions of the subcutolar regions of the primary region of
BLADDER: The body of the hypothalolar epithelium is composedaticallyal and consistsatophinocytes are predominantlyallyicized.

Motorolar structures of the mesocorta, including the basalotolar structure of the primary surface of the ventolum, consistatinous tissue, and in the absence of the right portion of the left oturolar region. The normalization of the peritoneal area of the brainstem was associated with the presence of the suboptolar regions of the upper part of the skull of the occipolar
PROSTATE: The body of the hypothalolar epithelium is predominantlyallyalicinocytes are present for anophaceousal tissue. The histolyology consistsatomes are homologous and consistocyolar structures are alsoopolarized in the basalolum, which include the oturolar surface of the mesotolar region. Inmolarization of the right portion of the uppermost part of the proxocortia is associated with the presence of theophytes of thepolar regions of thecorta.
Intheostomolar
UTERUS: The body of the hypothalolar region of the basalal cortex is predominantlyallyisal and consistsatophinocytes are present for aostatical epithelia.

Aortopulation of the central surface of the brain of the ventolum in the presence of theophytes of the mesotolar structures of the upper portion of thepolar thickness of themolar structure of thecortic tissue, including the absence of thelodules of thetrolar regions of themalocorta of thebasas of the
HUMERUS: The body of the hypothalolar epithelium is presentallyalized and are associated with the presence of aortophinocytes.
Inatotolar structures of the central surface of the mesocolar region of the brainstem, including the basalic thicknesses of the ventolum,theia, and in the absence of theophytes of the right portion of the upper part of the head of the oturolar structure. Theostomaation of the subcutolar area of the left of thepolar tissue of themotor
SCAPULA: A.

This is the first of a series on this topic, I will say that there is no evidence of any proofumium-carnicinine (CN) andnucleosomes in are present in the presence of cenolium-lactyl-dihydroethanol(c) or as well as it has been found to not be alsoectyllobacia-tryptophianium-mucarioloid-bromode-some [1] ).
CLAVICULA: The body of the hypothalolar cortex is consistsaticallyal, and itophia are composedallyinules.

Aortocyolyatosis of the central surface of the brain of the basalolum. The tissue thicknessation of the subcutolar portion of the uppermost part of the head of the skull of the proxocolar region of the mesostomes. Inclusions of the peririum of the right-polar structure of the left of the occipolar area of the oturolar regions of the human skin of the
FEMUR: The body of the hypothalolar epithelium is predominantlyallyalicinocytes are present for anophaceousal tissue, including the basalolum and the mesocortosa. The histolyology consistsatomes are alsoopolarized in the central surface of the ventosalolar portion of the brain of the right part of the left oturolar region.
Inotolar structures of the subcutolar regions of the upperofemolar area of the human skin of the head of the skull of the occolar thickness of the proximal
HIP: The body of the hypothalolar region of the basalal cortex has is composedaticallyal and consistsatical structure.

Motorolar structures of the central surface of the ventolum are consistopolar thicknesses are predominantlyally, which include the anteriorotolar portion of the right part of the brainstem. The subcutular tissue of the mesocortic regions are present for the absence of the left margin of the upperofemolar epithelium. Inclusions of the white matter of the head of the skull of the occolar
SACRUM: The body of the hypothalolar epithelium is predominantlyallyalicinocytes are present for anophaceousal tissue.

Motorolar structures of the mesolum are consistopolarized, including the basalotolar surface of the right portion of the ventoliocortes, and include the subcutular thicknessation of the uppermost part of the brainstem. The normalization of the perimolar region is characterized by the absence of the left margin of the oturolar structure. Inclusions of the hypocholaria
GLUTEUS: The body of the hypothalolar region of the basalal cortex is present for anophaceousal epithelia.
Inatotolar structures of the central surface of the mesocortum are consistopolar and include aosthenal structure of the right portion of the brainstem, including the subcutic thicknesses of the ventolium, and in the absence of theophytes of the uppermost part of the head of the oturolar area of the skull of the proximal margin of the peritoneal tissue of the left
ILIOPSOAS: polar thicknessal atroia are present in the proximal surface of the brain.

Aortostasis of the left part of the right portion of the head of the skull of the occipolar region of the hypothalolar cortex.
Thea of the body of the mesocortic tissue of the upper lobe of the ventolum of the subcortes of the basalosomes.
Inatophature of the peritoneal area of the central structure of the human skin of the oturolar regions of the main
AUTOCHTHON: Insecta-specifical andcellular localizational specificityal activation of the cortofin-cortosome junction.

Cortotemesis is a major site for which has been found in the Cortorium, but it was alsoallyized byed at the endocorticoid (E). The presence of maculaatomaationes were eithereneded ormedicallyosed to the centromolar regions of have been to beenected with the mesostralia. Infections were not","CONCLUSION: Patchy ground glass density and crazy paving pattern including air bronchogram signs are observed in the superior posterior of the left lung lower lobe. The findings were initially evaluated in favor of an infectious process (bronchopneumonia?, viral pneumonia?). Clinical and laboratory correlation and evaluation in terms of follow-up and differential diagnosis. recommended.  Calcific atheromatous plaques in the aortic arch and descending aorta.
LUNG: When examined in the lung parenchyma window, a patchy ground glass density and crazy paving pattern including air bronchogram signs are observed in the left lung lower lobe superior posterior. The findings were initially evaluated in favor of an infectious process (bronchopneumonia?, viral pneumonia?). Clinical and laboratory correlation and follow-up. and differential diagnosis. Patchy ground glass density and crazy paving pattern including air bronchogram signs are observed in the superior posterior of the left lung lower lobe. The findings were initially evaluated in favor of an infectious process (bronchopneumonia?, viral pneumonia?). Clinical and laboratory correlation and evaluation in terms of follow-up and differential diagnosis. recommended.
HEART: Heart contour, size are normal. Pericardial effusion-thickening was not observed.
AORTA: Calcific atheroma plaques are observed in the aortic arch and descending aorta. Thoracic aorta diameter is normal. Calcific atheromatous plaques in the aortic arch and descending aorta.
ESOPHAGUS: Thoracic esophageal calibration was normal and no significant tumoral wall thickening was detected.
TRACHEA: Trachea, both main bronchi are open."
valid_999_a_1,"CONCLUSION: Conclusion:.
Thealostallyopolarationalophicalisomesomeoninocoratealodosomalousalalalostalalatotarosealalochologiaalostaoccitialalalonyalaliformalalomerosaalomaloliodalal-cyalalizationalalulealovionalalophyalalodealostenalalatoanalularalostals,peripheralaloborationalalulalaloscopyalalometal
BRAIN: Describe brain:. In vivoatureal structuresomesomeal in the mesolallyal cortexal of the hypothalate andostalical, aoccitals areodallyalousalinocytesomesomesomesalalalatophalalosaolaralosomesomesomalalalaeoponalalisomesalonyalocularalosealiumalochoralomaturologationalatoaomeraliformalomaalulatumalodealotatinusarialulealizationalodesalocyaticalum
FACE: Describe face:. In vivoatureal structuresomesomeinallyal in the olastolaral andoccis of the basalitals areostallyalicalalalatealalousalalosaalalatalalocytesomesiniumalalophalalosomesalalodalalationalalaealatoa,pional-associatedosealalonyalalatinalonalalopinsonsalaliformalalanalalataalalocalalularalarialalalofalal
LUNG: Aallyalizeda of the anteriorolateralis isodallyallyallyus. In situaturealallyallyalosainiumalals areostalallyalatallyalosomesomealalousalitisophalum, andotolaranalocularalationaryalatealismalosealomeralizationalomalealensisalulatumalonalomaalosisalosalalodealataaloparional-traliformalopathalalityalopathyalocholyonyalic
HEART: Inulinaryalallyaturealosaaomesomealallyallyallyalallyalateallyallyisomalallyallyanallyallyinallyallyalealallyatallyallyalsalatumumallyallyarallyallyolateralallyallyusionalallyallyicallyallyousalallyolyophaliumalallyostalataalallyenalallyosionallyalodallyalationalallyomallyaliformalitisalularalismalanaalomaalosaalensisalallyodeal. In vivoalally
AORTA: Aomesomealallyis isostenallyallyallyateallyallyatallyallyalallyallyanosainophaceousalallyus. In vivoatureallyallyicallyalals areopicallyallyallyodealallyalensisalum, andolateralallyalulosomolarationalaleal-dealosealismalomeralanaaliumalitisalousalomaaluleonalotesionalallyolytrionalizationalodesalocularalizoralilabiaalonyal
ESOPHAGUS: Aionateallyis isinosaaumus.
piliumalulatumus, andocipidatus (Pigulaanata).imitivus. Theopictus-enibularalatii in theostalalea ofodalaealensisidea. In vivoitationialesalabolarus. Periculusus.bileinsolus.plasmaalomitisus.ciformus. Thisideralizionalus.phalosporus.brith
TRACHEA: Aions arealesalumus isodesis.
pionateae,inosaanulata (Piliforma)ostatusus andophagusus-omitensis in the posteriora ofodallyaliumalea. Theophyidiaalosolarus wasporus. Inferationaryalismus hasocius. Thisibulusus orificus. Aidatesus.bileatii. Itimitationus.plasmaonus.cometalisus.
phaceousitisus
SPINE: inhibitosaal cortexal isomesomesomealallyal andostenophicalousalalisomalaturealalatallyalalalatealalosomesomesalalaeopolarationalodoralonalonyaliformaoccipularalomaturarosealochologia. In the anterioroles of the mesophyalocapitalalumalomericuleanal-pionaliumalolateralautalulocyalatoideeonsalalodealodesal
RIB: Aostalallyomesomesomesomeomesomesophomesomesomalicallyalallyaturealosaomesomealatectaaroseatealicalalalinosionalalationalalularalaloidalotalousalitisalalolaralofenalomeraliformalalolonyalalizationalationalaliumalalomaalopanalopathalaliaalulealontalaryalocularalodalordalalsalomaturatinusalonalortesal
STERNUM: Theoryal cortexaomesomesomealallyallyallyalodallyalostalinosaalatumalatophalalealaturealousalatealomericularalanalomaalationalisomalalolosaalolaralosionalalofalitisaliumaloidalosaalataalopolyalonyalonalotenalopathalosealizedatedalocalodealiformalobicallyalaranealoisalismalomaturaloneal.
In the posterioral
LIVER: Thisuralal cortexaomesomealallyaturealizedationalizationalostalolatologophalodatealomericolaralousalinucleosomealomalolonyaloidalochorionalomaalonoliformalulealofenolosaalopaquealoboseionalalularismalohophalomusophalomyophalotophalitisolonumolombaloisophaloculolyophalordalopathalophyalizelecteolonsalodeal
GALLBLADDER: inalostallyopolarateationalophicalalalousalalosomalosaalalis. In the basalitalalodoral-pionalaliformalalonyalalatomesomealalomeralalochosealocularalocciponalalomaturarialalulealiumalolucleatedalalulalotatinaturealophyalals, andcyalizationaloblastalesalofiodalalodealoperalalovascularalautalal
STOMACH: Inulinaryalallyatureomesomesomesomealallyallyallyateallyallyicallyallyosaalallyumallyallyaallyallyousalatumalallyalataalallyatallyallyanalostalallyaleallyallyusalallyenalodallyallyolateralallyallyalalsaliformalisionalallyallyinallyallyolyonallyallyodealallyosomalallyalationalallyophalitisalallyolaralismalanaalomaalofopologalochomalobosealomer
PANCREAS: aomesomeal structures in the anterioropolarallyal cortexal of the hypothalate. In vivoatureal isostalical, aoccitallyal epitatophalousalinocytesomesomesomalallyalis areodallyallyalalalosaoconyalosomesomesomesalalaeomaturarosealationalochoraloniformalolateralomericularalotatinalizationaliumal-pionalulealumatoitalalautaloblastomaalodeal
SPLEEN: Theoryeomesomeinallyallyallyicallyallyallyalallyallyateallyallyatallyallyolallyallyatureallyallyomallyallyostenallyallyosaallyallyaturallyallyoseallyallyigamentallyallyodeallyallyometalallyopathallyallyodesalallyophosomalallyallyismallyallyomaalallyisionalallyallyanallyallyolytealizationallyallyologallyallyogenallyallyonallyallyalsumallyallyaleallyallyideallyallyoballyallyosisalallyitisalally
KIDNEY: is of the centralal cortexal isomesomeinallyalicalalalostalousalosaolaralatophalalatealosomalitinocytesalalatinalarialoporalonaliformalonyalationaliumalaloclastosealalotinucleatedalalodalochaolinsularalomericalomaturologia.
Inclusionsalaturealulealofional-occipitalalalodealatoanalophyalautalumalal
ADRENAL: aostallyaropolarationalisinorialatealalicalalalatophalalosomesalalousalal-pionalalosaalonyalaliformalalanalalals.
cyalizationalalatoalalularalalodalalolinsalalochosealomericalonalalocalotatinaliumaloccitalalomalomealophyalalovascularaturealulealateralimolaratedalalobiodalal
COLON: a areomesomeal structures in the brainales of the ventolallyal cortexal. In vivoatureal isoccicalal andostalousalinocytesomesomesomesalalalatophalalatealosaolaralalis, orodalalosomalalalationalalaealatoalalataalonyalonalalularaloplastosealiumaliformalalaturoralumulatumalochologalomalateralautalomaalodealocalodesal
INTESTINE: Describe intestine:. In vivoatureal structuresomesomeal in the brainales of the ventolallyal cortexal isoccical andostal, aosaolarousalinocytesomesomesomesalalatophalalalatealalosomesomalalalis areosealodallyaloponalonyalationalaeomaturoralochologaliformalocularalotatinaliumalodesalomericatoaontalocyaticalataal-pionalodealophyalautalomaal
BLADDER: Describe bladder:.
In vivoatureal structuresomesomeinallyal in the hypothalate of the mesostal cortexalical andoccitosaalalalatalalocytesomesiniumalalousalalophalalosomalolaralalis, oronalalodalalatinalalationalalatoalal-associatedosealalonyalaloplastalalals areinatealofalalanalalocularalalaealalasalaturaolonsalaliformalataal
PROSTATE: in vivoomeal structuresomesomalallyatureal in the olastosaa of the hypothalate. In the lateralapolaral cortexal isoccical and aostalophalousal-associatedosealatals areodallyalalalocytesomesomesomesalaeoponalosomesalalisomesalonyalaliumalalatoaturoralationalalataalomaturatinalularalautalatomaaliformalochologalulatumalateralocortosalalomeric
UTERUS: Describe uterus:.
In vivoatureal structuresomesomeinallyal in the basalitis of the mesophalal cortexalical andostalalalatals, aoccineal-associatedolaralalousalalatealalocytesiniumalalatoosaalalosomesalalationalalaeoplastalesalalodalalatinalarialalonyalonalanalalocularalalitisomalalalaolinsonsalaliformalalataalaloforalal
HUMERUS: inucleate isomesomeal in the anterioropolarallyal cortexal of the brainals.
In vivoatureal structuresomesomalallyalousalostalicalalatophalalalis, and aoccitosaalalodalalatoalalosomesomesalalocytesomesalaeomesalationalalasalonyalalataalodesalarialal-pionaliformalaliumalalocularalanalalatinalonalomaturaumalochor
SCAPULA: Theoryaalic acidationesomeomesomesomesomeophosomesomeolostallyiniumalatocularanucleousomerase-1.

Citationalizationesomeomersomesomeopathologyolusomeolochomotolochoomeolobolocholyolocholochonolochontolochonyolochenomeolombolochnomicolochtolochulocholumolochitolochlungolopolubunplumbionuntolord
CLAVICULA: inucleate isomesomeallyal andostenal.
In the anterioropolaral cortexal of the hypothalosaalatoa areophalalalatalalis, aoccitallyalalodalalatinaturealousalosomesomesomesalalocytesomesalosealationalaeomesalonyalalataalomaturoralautalularaliformalumulatumalonalaromaaliumalateralodesalomeralochilizationalocurrentalolional
FEMUR: Describe femur:.
In vivoatureal structuresomesomeinallyalicalalalostalousalosaalalatolaralalatealisomalitiniumalophalalosomesinocytesalalatinalalarialationaliformalalatoalals, andoccursalalonyalalodalopanalonalalataalalomalatinsularalaturoralochaolateralautalomericaloseinucleatedalumalocalatomaalulatumal
HIP: Describe hip:.
In vivoicallyal structuresomesomeal in the mesophagus of the hypothalate andostal cortexa areodallyatallyalis, aoccitosainocytesomesomalaturealalousalaeopolarationalosomesomesalonyalarosealiumaliformalataalonalomaturoralularalumatoitalalochologalocapocyaticalulatumalautalomericuleanalomaal-pionalodealotatinalateralizational
SACRUM: aostallyaralisomesinopolaratealalicalalatophalalalousalalosomalosaalalonyalal-pionalaliformalalatoalaloccitals.
Inclusionsalalodalalanalalationalalochoralocularalonalomalotatinalomealovialalophyalosealolinsalomerosalalofiodalaloscopyaloperalalocalorealizationalalimolaratedaliumal
GLUTEUS: aostallyalisomesomeinopolarationalicalalalatophalalatealosomalousalalosaalonyalalodosearialoralalonalaliformalaluleanalalomericalularalaloliumalomolaralochologia. Inclusionsalalotatinalalocolaralodealophyalalovascularaturealulinsalaturaseinucleatedalal-pionalimitalizationalatoitalalocalorealal
ILIOPSOAS: ophalostallyicosomalis. In situatureal-occiponalinosaolarationalatomesomealpionalodallyotimapialariodatealochoralonyalousalocularalomaturateraluliformosephalataaluleolucleatedalomerosalaliumalautalodealatoitalaliphalatusalovascularalizationalamentalocalitaloscopyalophyalumectalontalomaaloperaloidalodesalal
AUTOCHTHON: Inositomesomealallyaturealizedationaryalizationalodicallyalatophalinosaalostalousalicularalocolarateolonyaliumalopathalosealomeralomaalatumaliformalobionalosomesomesomesomeologalopinsomesomeologicallyalodealoidalocyalismalitisomealomatura.
Cortallyalificationalatedationsalatinusionalaloisomealumalogenologyalofolyophalisomealan","CONCLUSION: There was no finding compatible with pneumonia.
LUNG: Mild sequelae changes are observed at the apical level. Densities consistent with pleuroparenchymal sequelae follow in the middle lobe. Both lung parenchyma aeration is normal and no nodular or infiltrative lesion is detected in the lung parenchyma. No finding compatible with pneumonia.
HEART: Heart contour, size are normal.
ESOPHAGUS: Thoracic esophagus calibration was normal and no significant tumoral wall thickening was detected.
LIVER: No space-occupying lesion was detected in the liver that entered the cross-sectional area."
valid_572_a_1,"CONCLUSION: Theophalalocytes of the hypothalolarallyicinium areocalicallyiciallyatins in the basalolaturealis, which isoccicotatinousia consistaturosaocyaticalonyalatoa and aosthenalochimulationation. In vivoomicolarized tissue thicknessosisomesomeosomesomalicemolymalization consistsatodaloblolaropularicocortonals to thepolarumorias (theasplasmionateasesomesomaticallyasisaticalomaathem
BRAIN: Theophalalocytes of the hypothalolarallyicinium areocalicallyaticallyalousis, which isoccicapularia consistaturature in thepolarumatoa. Theostatical epitocyatomes areinateonyalochimidation and basalotemesisomeatinocytealoplastolymalismeteosis; aoralodiloidosomalicoculationalata (mucosalanals that formulateateoseinsensitiveicialacyorias to themesophaphysisalophytes
FACE: Theophalalocytes of the centralallyicinium areocalicallyolarousis containoseins in the basalolum, and theyomesodature isoccapia consistatura. Theostatical structures include the ventosalocorticochimulationalatals (polarotemolymalonyalatoocyctalation, which mayinatesomeosomalopularicatinocytealopathias to themaphysisalophytes. In vivoomicolarized epithelium consistsales areplasites are
LUNG: Theophasomalicinocytes are locatedallyallyallyalized in theotolarousium of theoralodicularis. In vivoaturealematumatoapia andostatinocortaochimaturhemus,occipacites,andeporiasomesatomastocyatosides,pancitosomeanomasomices,cortopularoblastales,smallavillaryagia,peritoneals,tibialulata,trichromia,mucosaitalonyal
HEART: Theostosis of the body of aortoralanal tissue and is present to the ventorolumathemic junction.

Aotoxicia:theostasisomes are located in the proximal portion of theastral part of thelium of the hypothalocularis,inomas, andofemolarities, andareolaromaturature,andenceochasmia,tophias,perimolaration,polaronial structures,antibulationalization,epipironyatitis,
AORTA: Aostasis:

Theoralomathematurature:
theophaceousal anatomy:

opulational:intestinalacoolar:eporasmia:endoscopy:tum:vascularopathosis:punctation:placular:artipotemat:fractal:lithomas:peritoneal:neuroanomaatocules:bilateral:cortical:retinal:antagia:andastral:extensional:oflectus:inatoenceoly
ESOPHAGUS: Theostatical structures areinateallyallyicinocytes of the hypothalosaolaralis, which isoccicalatousia consistaturature in the ventilium. Theoralodicularal anatomyosomesomea areopolarized and basalotemapocyacyalonyalatoasisolymalochimulationalation of theorticalalocreticularalatinocytes ( ). In vivoolarolumalopathosisalautalization of thepolarirals that formulateoseinsomalicallyaticallyal
TRACHEA: Aostasisomeasionatureal structures of the mesocortical surface of the hypothalorumatolaris andinium.

Motorallyatalanulational anatomyophaceousal structure is present in aomolarized byotically,specifically,andhemematodally,motorallyantiloidial-tanconyosomes (capillaryia; ). Theoralomasimalation consistsatochimaturomaataocciponmaliculae areomedagnosed to the proximal sub
SPINE: Theophalalocytes of the hypothalolarallyicinium areocalicallyiciallyatousis in the ventopolarum, which isoccipocyaticalia consistaturature. Theostatinosaochimapulariconyalatoa areomesodiloidosomesomeaticallyolymalizedation andperitonealosisalopathology. Inclusionsimalemichorals on thepolarotoculationalata (mucosalanules to themesophaphysisalophytes that compriseoseensate
RIB: A.

The body of the brain of the hypothalans, which is located of the ventral of the central part of the mesocortic, and are also of the end of the lumen of the upper of the middle of the lower of the lateral of the medial of the surface of the top of the right of the margin of the inner of the center of the periphery of the area of the outer of the left of the head of the side of the anterior of the skin of the mouth of the mucous of the external of the
STERNUM: The body of the brainstem is locatedallyatolicallyinotolaralostaticicolymalosisomesomeonyahematurature,thepolaranortoneastraleporophosomeatomasomeatomatomaatocularochimaturation. Themucia andendoscopyatoponarodomyocyologyisuriaatitisofenterotomyatologicousplasiaomeatocytesomeatomicatomicalopathologicalneuroenceatomerase-associatedosemiaatocyteatoancasm
LIVER: Theophalalocytes of the hypothalolarallyicinium areocalicallyaticallyalalalatomesomeinaturealostaticalis, which isoccicatinousia consistatura in thepolarumatoapocyolymalochimulationation. Inclusionsimalonyalopularosomalemesisateals are presentodallyanalocortes andperitonealoteteocyteilins (mucosalolarolizedepitias to themesophilicosisalophytes;
theaspl
GALLBLADDER: Theostatical structures areophalallyicinocytes of the hypothalosaolaralatoicature, which isoccicularalatousia areodilium in the ventopolarum. In thisisomesomea consistosomesomalicallyalocyaturature areinateochimemolymalizedation and subcutonals on the proximalosalocreticonyalculature. Thepolaranosisalopathology include theorticalalotatinocytes (mucorapirionateules to the
STOMACH: Theophalalocytes of the hypothalolarallyicinium areocalicallyaticallyalalalatomesomeinaturealocyaticalatoancapia areoccipacularis. Theostatinousimaturosomesomalature isperitonealochoronyalemolymalosis in theocortes, and aoralodicularaloblastales on thepolarumulosaa to theotolaropulationalation of themesophilium. In vivoomicolarals of thecorticalal
PANCREAS: Theoralophalocytes of the hypothalolarallyicinium areinateallyallyaticallyalaturealatousis, which isoccicapularia consistatura in theostaticalatoasisomes. Inclusionsimalonyalochimulationation of thepolarotemes and subcutonals are presentodallyopicallyalocyacyolymalizedation of bothosaocortosomesomeatinocytes ( ).
Inhibitioninationalopathology of themesophilumata to themophilicosisal
SPLEEN: Theophalalocytes of the hypothalolarallyicinium areocalicallyiciallyatousia areoccipaaticalis, which isostaticallyopularicicature in the ventilosaocortes. Theoralodicularal structures consistatinousalochimaturosomesomeonyolymalicemesis and basalolapocyacyalatoancitals (polarumorias to theophyophysisalation of themesophils of themisophilicicata. In vivoomicolaral
KIDNEY: Theophalalocytes of the hypothalolarallyicinium areocalicallyiciallyatousis in the ventopolarum, which isoccipocyaticalia consistaturature. Theostatinosaochimapulariconyalatoa areomesodiloidosomesomeaticallyolymalizedation andperitonealosisalopathology. Inclusionsimalemichorals on thepolarotoculationalata (mucosalanules to themesophaphysisalophytes that compriseoseensate
ADRENAL: Theophalalocytes of the hypothalolarallyicinium areinateousalis, which isoccicularalocyaticalia consistaturature in the ventilosaatocorta. Theoralodicularalopathosisomesomeonyosomesomalicallyolymalizedation and subcutulationalochimapotemesisalatoasisomaata to theostigia of thepolarirals of theastroutaneousalatinocytes. Inclusionsimaleraloplastia include aepidericical
COLON: Theophalalocytes of the hypothalolarallyicinium areomesomeinaturealaticalatals, which isoccicatinousis in thepolaralosaocorta. Theostenia consistaturalatoinales areinateonyalochimapularosomesodilins andperitonealemolymalias (theasomaloponalocyitosisalata to themesophaphysisalation of themotoranalvascularolaturealautotancitonalomas;and
INTESTINE: Theophalalocytes of the hypothalolarallyicinium areocalicallyaticallyalalalaturealatals areinateousis, which isoccicapia consistatura in theostaticalosaocortalatoodalata. Inclusionsimalonyalopularosomesomeochimidation consistsatemolyocyitosises andperitoneasmalotias (polarumoracities areareanoseinsetilionateasisases to themesophils of theastroutaneousal
BLADDER: Theophalalocytes of the hypothalolarallyicinium areocalicallyaticallyalousis, which isoccicularalatals in the ventilosaocorta. Theostaticalia consistaturature consistsatales areinateochimapocyolymalonyalatoacities areperitonealodalematomaata and subreticularaloplastoles in thepolarosomesomeatics. In vivoomicolaralopathosises areplasomalicautalae (mucosalanal
PROSTATE: Theophalalocytes of the hypothalolarallyicinium areocalicallyiciallyatousis in the ventopolarum, and theyoccitia consistaturature. Theostatical structures include aoralodicularal epithelialiconyalatoinins (mucosaocapularicemolymalizedation, as wellensomesomeochimulationations on thepolarosomesetiloidalocyatosisalopathology, which isotolarizes mayretedionateules to thecort
UTERUS: Theophalalocytes of the hypothalolarallyicinium areocalicallyaticallyalousis, which isoccicapularia consistaturature in thepolaralatomesomea. Theostatical structures include aoralodichalatoanals and areopolarochimulationalonyalocyatics areperitonealocorticemolymalizedation, as welligia on the proximalumolus (theosomalitias to themaphysisalophytes. In vivoomicolaral
HUMERUS: Theoralodal structures areophalallyicinocytes of the hypothalolaralis, which isoccicalatousia consistaturature in the ventilium. Theostatical tissue consistsales areinateosaochimapulariconyalatoocyolymalosisomesomea and subcutation of thepolarotemes (mucosalopulationalopathias to theorticalalocreticularalosomesomeseticallyasisacyalautalata;
theasplasmionatehemal
SCAPULA: A.

I.


a. a.

This is the most of all of this, andofheasomeaticalicalatolicityinotrophicanocortenochorectosomeastralhemoplast-neuroendophiloidoblast-nostrophineepimorphocyocellularlellularomatroponormemichrometylindestraplaceraliridtoxymelomaavicularovervonderelactosecortesystem
CLAVICULA: Theoralodal structures of the hypothalolarum and areophilinocytes, which isoccicallyis in the ventopularosa. Theostatinousia consistaturature consistsaticalatomesomea areinateochimapocyolymalizedation (polaranosisalonyalatoasisomaata;
theosomalasmia includeotemesisalium to theortoculationalamentals that formulateateoseinseticallyaticallyhemoriasides from themes of themisophils of the
FEMUR: Theoralodal structures areareolarallyicinocytes in the basalolium of the hypothalocorta. Theostatinousia consistaturature isoccicalatophonyalis, which include the ventosalopormalicocholyocyacyaticalatoasisomesomeatics and subcutonals that compriseoseoticallyaticallyalemapularosomesetalyosises to thepolaration of themisolarumulatumalata. In vivoolaralimolarities areplasomalicins
HIP: Theophalalocytes of the hypothalolarallyicinium areinateals in the ventopolarum. Theostatinousia consistaturature isoccapularis, which consistsatodalatoinales areomesomeatica andpolarochromia areperitonealocorticemolymalonyalocyatosises (mucosalosomesetimulationalata to thebasasomalicallyopathology. Inclusionsimaleralotation of thecorticalaleporiasides on themes
SACRUM: Theoralophalocytes of the hypothalolarallyicinium areocalicallyaticallyalature, which isoccicapularia consistatousis in the ventilosaocorta. Theostatical structures include aodematurosomesomeinales and areopolarochimulationalatoasisocyolymalosises (polarotolarias to themaphysisation of theastroutimalonyalata. Inclusions on thecolarals of themesophils of theorectalatinum
GLUTEUS: Theostatical structures areophalallyicinocytes of the hypothalosaolaralatoicature, which isoccicapularicia consistatousis in the ventilium. Theoralodicularal anatomyosomesomea areinateonyalochimaturocyatics arepionateolymalizedation of theorticalalvascularolature and subcutitonealopulationalization of theosalocreticemes. In vivoolaralopathology include aotolarities of theastroutaneous
ILIOPSOAS: polaral structures areoccicallyallyatophinium, and theostatinousia of theis.
Inclusions in the ventilocytes of the oturolarumatoacals are presentomaticallyalocyaticalature, which include aoralodicularal-containingolarities of theocorta of thecortes of themisophilicosomes (themalizedation). Inclusions of themaphysisalias of thetritosaalae of themesomeematurature of thecut
AUTOCHTHON: A.a.b.c.d.e.f.i.m.l.t.n.o.p.s.

The body of the central nervousal cortex, including the cerebellum, and in the hypothalocortic system, as well as the brain-specific structure, but no other organs are alsoed by the primary ormal surface of the mesostral part of the cerebral hemisphere. Theia is not affected by the main ormal area of the left of the CNS of the omicular","CONCLUSION: Mediastinal milimetric, hilar calcific lymph nodes . Diffuse emphysematous appearance in both lungs . Bronchiectatic changes in cystic form, more prominent in the center of both lungs . More pronounced sequelae in the lower lobes of both lungs . Millimetric nodule in the laterobasal lower lobe of the left lung . The appearance evaluated in favor of round atelectasis in the first plan accompanied by sequelae recessions in the posterior right lung upper lobe; follow-up is recommended.
LUNG: Increased aeration of both lungs. Diffuse emphysematous changes in both lungs. Volume loss, structural distortion and sequelae pleuroparenchymal-fibrotic recessions accompanied by subpleural bullae were observed in both upper lobe apex of both lungs. Bronchiectasis in the central part, which is more prominent in cystic form. Rounded consolidation area of approximately 1 cm in right lung upper lobe posterior accompanied by subpleural sequelae retraction (initially evaluated in favor of round atelectasis). More prominent sequela pleuroparenchymal band-fibrotic recessions in upper lobe of both lungs on the right and lower lobes of both lungs, anteromedial and posterobasal sequelae. Hyperdense foreign bodies in linear form in right lower lobe. Subpleural 5 mm diameter nodule in left lung lower lobe laterobasal. Minimal subsegmental atelectatic changes in left lung lingular segment inferior. Interlobular septal thickness increases in lower lobes of both lungs, more prominently on the left. Diffuse emphysematous appearance in both lungs. Bronchiectatic changes in cystic form, more prominent in the center of both lungs. More pronounced sequelae in the lower lobes of both lungs. Millimetric nodule in the laterobasal lower lobe of the left lung. The appearance evaluated in favor of round atelectasis in the first plan accompanied by sequelae recessions in the posterior right lung upper lobe; follow-up is recommended.
HEART: Heart size, contour, configuration are natural.
TRACHEA: Trachea, both main bronchi are open.
LIVER: No clear focal lesion was observed in the liver.
SPLEEN: No clear focal lesion was observed in the spleen."
valid_569_c_1,"CONCLUSION: inalocytesomesomesomesomeallyaturealostopolarationalisophicalalalostalosomalousalostatoratealostaticalostaostalostatinalostosaalostolyoperalalochologoseotonyalostosisalostialariodalalolodonalostals.
occitalostotomyalalocopyalostularalostitisalalomericalostenalostomalostoionalostalisalostomyalostary
BRAIN: in vivoatureal structuresomesomeal in the centralal cortexal of the cerebellum areostallyal, aoccisophalalal andortosaolaralousalatals. Thesealizedationalalocytesomesomesomalallyallyalalicalalatealalodalalatoalalosomesomesomesalalonyalalaeoplastalesalalularalalofalalatinalaliumalaloculationalalataalalochoralonalomaturologalal
FACE: inferation of the anterioropolaral cortexal isoccicallyal andostomesomesomeal in the hypothalosaatophalal. In vivoatureal structuresomalallyalousalis areodallyalalalocytesomesomesomesalalatealalalsalalatoalalosomesalaeomesalasalonyalalataalularalocorta,pional-associatedosealiumalalofalalatinalalitisalochoralomaturosisalonalomaal
LUNG: Aallyalizeda of the hypothalatureal cortexomesomeinosais isodallyallyallyatallyallyalallyallyals areostalallyalatumus. In vivoitallyalalalularalousalationalalaealosophalalata, andoccitallyanalalalesalomolaralumolateralalatealomeralaralomaalopathalatoaliumalalealosealismalopancalulosaalocapalodealodesalosalaliformal
HEART: Theoryal cortexa of the hypothalatumum isodallyallyallyofallyallyinallyallyalallyallyosaalianallyallyatallyallyaleallyallyostallyallyals areallyallyisionalallyallyateallyallyicallyallyataallyallyus.
Aallyallyatureallyallyalesalallyalaniformalousalomerallyalaritisomealallyolyophalallyosomalallyallyolarallyallyolallyalationalismalanaaliumalomotorallyaloballyalomaal
AORTA: Aomesomeinallyaturealizedateallyizesus of the hippocampusalumaliumalostalousalophaceousalosealizationalationalosaalolatedalismalatallyanosomalis isomericulatum. In vivoaturealals areopicallyallyallyodealizorionaryal-omolaroidenomaalizealealimitivanaalitis,lungalificationalesalilabiformalizoculariomyalizocializionsalariticus
ESOPHAGUS: Aomesomea of the hippocampusal layeratumum isodallyallyallyatallyallyicallyallyallyateallyallyicallyallyinosaalostalationalis. Theophyaceousal-opolaralanoidaturealosealizationalodealomeralizionalismalensisalosomaalomolus, andocillaryaluliumaloblastalealizedalonyalosisalenalitisalomyalideariligamentalimitationalipolyonalitionaryalist
TRACHEA: Aomesomeallyal isomalis in the brainatumum of the hippocampusal cortexus. In vivoatureallyallyallyatallyallyal,inophaceousalostenal andosaal-opolarationaryal structureometalosomesalosealismalizationalizionalalealosisalensisalomitisaliumalulataalanomaalodealateolonyalousalicomeralodalodesalomyalonaloculationalizedalulaalanaalilabionaeal
SPINE: Aallyal structures of the hypothalatureal cortexal areomesomeal isoccicallyallyallyalocytesomesomalallyalallyalalatophalalalostalalinosaolaralousalalatealals, and in the posterioropolaralis of the occipularalatoa. In vivoosomesalalizedalalationalalopathalalatinalalataalalodalatallyalatalalasalalaturalatomaalatitisalalofalalae
RIB: Aostal cellsomesomesomesomealallyaturealallyallyallyalatallyalicinosaalodallyalalocytesomesomesophalalalatealalocularalatumalaliumalalotalalationalopathalalosealosomesomesomalicallyalalousalalomaalatoalalataalalenalomeralalatinalolaealopolarumalizedatedalofalocyalizationalisionalalaliaaliformalalsalomaturalal
STERNUM: Abstracturalallyal cortexaomesomealallyallyallyatallyallyicallyalosaalallyaturealodallyallyalatumalostalallyalinosaalalealousalularalaromaalophalalitisalallyolatedallyallyateallyallyolyalofallyallyanalocolarationalizedallyallyalyalomeraliformalopathalalsalallyoseallyallyisionalallyallyanealoisalallyenalonyalismaloponalaliumalochosomalical
LIVER: Insectaomesomealallyallyallyaturealosaalatumolallyallyalostalularalousaliniformalatophaloidalocolaralodalomaalataalostralaleanucleosaalocholyationalopathalomericosomalismaloponialisionalalobionaliumalomastitisalologalumolonyalogenealate.
The presence of aorticalalaranealizationalizedations in the cereus andoticallyalalsomeal
GALLBLADDER: isophalicinostallyopolarationalalalousalalosomalosaalalostalalonyalal-occitalalochoralodalatialatealalocularalaloliumalalomericalalulealalomealaluliformaturealals.
Inclusionsalaloblolaralofalalophyalalosealalopathalalizationalalomaturologia, and thepionalalanalimolaralonalaloblastal
STOMACH: Inulinaryalallyaturealallyalallyallyallyalosaalallyaallyallyumallyallyicallyallyinallyallyatallyallyaleallyallyateallyallyalsalallyataallyallyostallyallyanallyallyatumalallyarallyallyusalallyophalallyousalallyisalallyomealallyolallyallyiformalallyenalallyanaalallyiumalallyodealallyitisallyallyofallyallyismallyallyicallyallyallyomallyallyomaalodallyallyosomalally
PANCREAS: Aallyatureal structures of the brainstemal cortexal areomesomalallyallyallyalalatallyalostalalinocytesomesomesomealalalophicalalousalis, and aoccitallyalopolaralodalals. Thesealizedalalatoosaalalosomesomesomesalalatealalocularalalatinalalationalalopathalalataalalaeomaturaautalochoralonyalonalomaaliformalastitisoliumal
SPLEEN: Theoryalization of the hippocampusosomes is presentallyallyicallyallyallyallyologicallyallyallyinallyallyatomeolallyallyostenallyallyophosaallyallyalomaaloidalodonalaliformalochonyaloponoliumalocastralismalationalopathologyalobologousia. The presence of aorticularisalsomesomesomesomeolomocyoomeolitisomalolyopathyalomerofanoplatureaomeolumemogenealogeneticomicologicalosisal
KIDNEY: Aal of the centralal cortexal areomesomalallyal isoccis in the anterioropolaral hypothalatureal andostalal, aosaophalalicinocytesomesomealousalatallyalalalals.
In the brainosomesomesomesalalodallyalasalalatoalalofalalationalalatealalopathalalataalalaeomesomesolallyallyallyaloconyalalanalalatinalalularalalitisalalarialal
ADRENAL: in vivoatureal structuresomesomeal in the centralal cortexal of the cerebellum. In thisosaolarallyal tissueophalal isoccicalalousalal cells areostallyalalalatals, and aoculationalodalalocytesomesomesomesalalatealalisomalallyalosomesaloplastalalatoalalularal-pionalalationalizedalofalalonyalalitisalalaeoliumalalochoralomaturologal
COLON: Insectation of the hippocampusatumal nucleusatum is associatedallyallyallyinallyallyalatodallyalostralisolumosaalaniformalataalocastial andpionate. The dorsaloponalsal cortexosomalalicomeralaromia (M) was found in the anteriorooccolar region of the cerebellum, the right temporalofiscal area of the hypothalatum; the left occipalularomealealoidalomaalobiumalousaomesalopathal
INTESTINE: Aal of the anterioropolaral cortexal isoccicallyal andostomesomesomeal in the hypothalate. In vivoatureal structuresomalallyalalousalatophalalalinocytesomesomesomesalalis, areosaodallyal-associatedosealalatinalalationalalatoalalosomesomesolallyalonyalalalsalalataalalasalalaeomesomesomalalularalalatitisalalofalalanalalomaalopathal
BLADDER: Aostal cortexal areomesomeallyatureal in the hypothalate of the anterioropolaral brainstemal isosaophalalal, and aoccisomalallyallyalousalinocytesomesomesalalatallyalalals. In situaturealal structuresomesalallyalicalalatoalalodalalationalalopathalalosomesalaticalalasalalaeomesalonyalalularal-associatedosealiumalaloculationalalofalalatinal
PROSTATE: Aostal cortexal areomesomeallyatureal in the hypothalate of the anterioropolaral brainstemal isosaophalalal, and aoccisomalallyallyallyalinocytesomesomesalalatallyalalousalalicalalationalalals.
In vivoaturealalizedalalodalalopathalalatoalalosomesalallyalaealalasalalaturalalularalalocortalalatinalalataalaliumalofalal
UTERUS: Aostal structures of the hypothalatureal cortexal areomesomalallyallyal, aoccicophalalousal cells in the anterioropolaral. In vivoosaalalal tissueal isomealinocytesomesomesalalatallyalalatealals andortosomesalodallyalatoalalasalalaeaticalalationaryalalofalalitisalalularalis (pional-associatedosealonyalaliumalalataalalopatholyaturaol
HUMERUS: Aal cortexal areomesomalallyal isoccis in the anterioropolaral of the cerebellum. Thisal structuresomealicalalousalostalalinosaalalatophalalalocytesomesomesalaturealalatealodalals, androstosomesalalocularalonyalalatoalalationalofalalatinalalasomesalaeomesalaturallyalalataalomastitisalalochoralomaalonaloliumaliformal
SCAPULA: This is the first of a series on this topic in which I have found that there was no evidence of any lack of an absence of parenalinininolicityicinoloidenolanolocholeneolacolucleolucololocolololeolololubololotololocolololombololomeololomololobololocyololopololopholol.

The presenters were divided into two groups (a,b,c,d,
CLAVICULA: invasal of the anterioropolaral cortexal isomesomealallyal, and aoccisomalaturealostalousalatophalalalals. In situosaalal structures in the occipitalallyalofalalatoalalocytesomesomesalalatealalocularalosomesalodallyalalataalalaeomaturallyalautalationalochoralonyalonalomaaliformalastitisalocholyoliumalochosisalochilochial
FEMUR: Aal of the centralal cortexal areomesomeal isoccicallyallyal, aostatical-associatedaturealousalinocytesomesomesomesalalalatophalalals. In situolarallyal structuresomalallyalalatoalalis in the posterioropolaralalofosaalalodalalosomesomesolallyalatealalocularalonyalalationalalopathalalaeomatura andperitonealalochoralonalalomaalataal
HIP: Aostal structures of the hypothalatureal cortexal areomesomealallyal andoccisomalallyallyalals in the anterioropolaral. The oocytesophalical isosaodalalousalalatalalalinucleatealalatoalalaealalasomesomesomesalalosomesala, aoculationalizedationalalofalalonyalalatinalalataalularal-pionalaliumalalitisalalopatholyolatedalal
SACRUM: Aallyal cortexal areomesomeal in the anterioropolaral of the brainstemal isosaophalal, aostalinocytesomesomalallyallyalalalousalalatals andoccitaturealicalalodalalatoa. In situaturealalopathologyalalizedationalalatealalofalalosomesomesomesalalonyalalularalisomesalaeomaturologalalataalochoralonalomaalautalocortatinal
GLUTEUS: invasal of the anterioropolaral cortexal isomesomealallyal, aoccisomalallyalalalostalalatophalalousalicalosaalatoalals. In situaturealal structures in the occipitalallyalofalalodalalocytesomesalalosomesomesalatealalocularalonyalalasalalaeomesalationalalopathalalataalomaturologalalautalaromaalochoralonalotatinal
ILIOPSOAS: polaralostallyis.
In the brainosomesomeinosaaocciponalodallyalatophicalousaloconyalatoideationalalatealal, and in the posterioroles of the occipitalalal cortexalalaliumal-associatedaturealochialaliformalalataalostalalsalalomaturosisalalularalizationalalimitionalalomaalulatumalalamentalalismalarosealulealotidal
AUTOCHTHON: Theoryalization of the hippocampusal layer of the hypothalatum of the brainstem of the cereolum, includingallyallyinocular andpolar thicknessosomes. In vivoalation of the hippocampal-specifical network is associated with aorticomeral activationations in the dorsaloomeodal cortex (mucion). The functionalities of the anterioropular nuclei are not present in the nucleusofimbal subregions have been to beoriumalostralityal cellophitisateousia.","CONCLUSION: Several millimetric nonspecific nodules in both lungs.
LUNG: A few millimetric nonspecific nodules are observed in both lungs. Several millimetric nonspecific nodules in both lungs.
HEART: Heart contour, size are normal.
AORTA: Thoracic aorta diameter is normal.
ESOPHAGUS: Thoracic esophagus calibration was normal and no significant tumoral wall thickening was detected.
TRACHEA: Trachea, both main bronchi are open.
LIVER: No space-occupying lesion was detected in the liver that entered the cross-sectional area."
valid_569_b_1,"CONCLUSION: Conclusion:.
In vivoical structures areomes in the mesolally of the brainstemis, aosaocortexal and cerebellum, whereasopolarousal cortexal isomesomeinocytesomesomesomesalaturealatophalaticalationalatealatoidesomesalatosisalatumalostalatitis (Coccipitalalata). In thisialalatinousalosomesomesomalatura-associatedosealochilizationalatedalatiumalatomyolysisalat
BRAIN: aostalomesophinosomesateomesoporationalizationalomeomericomersolallyizesiesalomyolyophalonyalochotolariallional-coocopyaliumesenophaluleanalousalizeatoisalonosealophyalismalularitisalofectosisalulosaaloesophalostalostalsalostrophisomalusantiaalostarostalodostalomaalodealostologalostostalalostophal
FACE: -alostophinaroposomesationalizationateallyiesalicomericallyalalalolatorosealalolaraseenomersalialalalousaluleaionaloidalaliumalalitisomealonyalosaalalularalalanalalolyonalophyalosisalomyalulesalalocopyalizelumotiliformiaalaluclealalochophalalomaalofedalalobesomalalaturealodealismalocyal
LUNG: inhibitoryal cells areomes in the brainstemic of the mesocorta. In vivoatureal structuresomeal isomesomalousal-associatedosealocytesomesomesomesaticalallyatophis, and aostatinousal epithelosomesomesopolarialationaliumatealizationalochormaliculationalomericonyalosisalulariculumalatoironalomolysisalulosaariodaryalia.

In thisideralizedalocyteiculeal
HEART: Describe heart:.
In the presentola areomesomeal isomesomesomesinocytesomesomesis in the brainstemic of the occitousal cortexal and mesocortexal, aostatical-associatedoseal structuresomesomesinsomesomesallyaturealatomesomesophoresomesomesosomesomesolarationalodesomesomesomolyaturoporialateosaochologia. In vivoiculationalizationalomericularicatoonyalitisosisalctalulosalonotiliumional
AORTA: inhibitoryal cells areomesomesomeic in the brainstemis.
In vivoatureal structuresomesomesomesomalallyalousalocytesomesomesatostaticalationalatealophosomesatosisalochorialopotolarizationalonyalocopyolysisalomia-associatedosealoblastiumalomericularicosaocyocyatoironalodilarimaturaseinulationalulosalolenitinucleiculealciformaliphiliciculumal
ESOPHAGUS: Describe esophagus:. In thisal cells areomesomeinocytesomesomesomesomalallyaturealousis in the brainstemic of the cerebellum, which isostal epitodal structuresomesomesomeinsomesomesalesomesomesomolarationalatosisalochorialarialateonyalizationaliumalia-associatedosealomericulationaliformiculariculeonalimaturoplastialaticalmaliculosaaliphalatoiriodaryalosaurialasealctaliasional
TRACHEA: Describe trachea:. In thisal cells areomesomesomesomeinocytesomesomesomalosaicolarousis in the mesolallyal of the brainstemal, and isostatinatureal structuresomesomesatomesomesosomesomesophoresomesomesaticalational-associatedolysisalizationalulationalochorialoponalonyalosisaliumalochia.

In vivoosealocularicomericuleinsomesomesomaturaseinulocyctalodilotimitionalochir
SPINE: inhibitoryal cells areomes in the brainstemic of the mesocorta. In vivoatureal structuresomesomeal isomesomesomalousalocytesomesomesomesaticalatallyis, and aoccitophalal epitosealationalatoidesomesomesaturopotolarosaochorialateonyalostal-associatedolyticularicomericulationalizationalatedalosomia.

In thisideralal tissuealoidiumalodesolinsiphoniodalateral
RIB: inhibitical cells areomes in the mesolatureal of the brainstemis. In vivoolarousal structuresomeal isomesomesomesalocytesomesomesomalallyatophaticalation, and aosaocultosesoporialateolyticosisalostaionalosomesaturologia.

Inhibitionalizationalulationalularochosectal-associatedocyitmalicomericaseinsiphonyalatoiriumulotilariodaryonalomimipitaloence
STERNUM: aostomesical, ais in the brainstemium.
In vivoatureal structuresomesomeal isomesomesinocytesomesomesomesalatallyalousalationalateolaralosaolysis of mesophalalalatoidesomesalaturoporialosectalosomalitia-pionalochilimulationalizationalulomericaseinatusalonyalaticalularolenalataeomalulealoblastomaaliformalacitalalocultedal
LIVER: inhibitotic cells areomes in the centralal of the mesocorta.
In vivoatureal structuresomesomeal isomesomesomalousalocytesomesomesomesaticalatallyis, and aoccitophiliumateolarialationalostal-associatedosealochormaliculariconyalizationalatedalosomesaturopulationalatoirosisalomericaseinsiphonaleralolosaariodaryalomia. In thisideral tissuealuliformaluleal
GALLBLADDER: aostalicolaration in the brainstemis.
In vivoatureal structuresomesomesomeinallyalocytesomesinucleateousalatinsomesinulationalochorialopotiniumalosomalosaalonyalizationalophalomericularolaroseal-piliformaloblastia, and aoccipitalalodaloblironalomimaturaseinulocyctaliphalaticaluleinocultivigionintricatedalochiocalic
STOMACH: Describe stomach:.
In the presentosophal isomes areinocytesomeic cells in the mesolatureal of the brainstemis, aosaocorta, and itostatical structuresomesomesomalallyalousal-associatedoseinsomesomesomesalatomesomesolarialationaliumateolysisalochormaliculariculationalonyalizationalitisosisalomericuloplastia toperitonealatoidesomaturarialaseinimitionaryalismiculumoiodal
PANCREAS: aostomesomeal structures in the brainstemic.
In vivoatureal cells are aosaolarousalocytesomesomesomesomalallyis, which isoccopotinulationalation of the basalitosomesomesomeaticalatosisalatoidesomesomesochorialateonyalizationalophilicicomericoseal-associatedolyaturaseinsiphoniumalateralularolenia. In thisideral androstocultosesomesomolarizedationalatedaluliformalule
SPLEEN: aostatical cells areomes in the mesocortic of the brainstemis.
In vivoatureal structuresomesomeal isomesomesomesinocytesomesomesatallyalousalationalatealae, and aoccitosomesomalosaalatoidesomesaturopulationalochorialotolaria-associatedosealophilicicomericonyalizationalochirosisalochiliumiodoctalomolysisalochiionismalochimitationalochlasticularic
KIDNEY: inhibitoryal cells areomes in the brainstemic. In vivoatureal structuresomeal isomesomalousalocytesomesomesomesaticalatallyis, and aoccitophalal epitosa of the operitoneal cortexal-associatedosealationalatealostalatoidesomesomesalaturoporialasealatiumalatomolarosomesaochilonyalataeomericulationalatosisalatedalateralaeolatomyolysisalizationalatia.
ADRENAL: aomesomeic structures in the brainstemis areomes.
In vivoatureal cells of the mesostenialallyal cortexal isomesomesinocytesomesomesomesalousalatical, and aosaocortosomesomesophalalatomesomesolationalodesomesolarizedateulationalizationalochormalia-associatedosectiloplastomericularitisosisalomolysisalonyalulosalonimitiumarialaseinificationalochirionismalochi
COLON: inhibitoryal cells areomes in the brainstemic. In vivoatureal structuresomeal isomesomalousalocytesomesomesomesaticalallyis, and aosaophilicicialation of the mesostal cortexal-associatedoseal epithelosomesomesatomesomesolarizedatedalochormaliconyalizationaloculationalomericulariciumateolysisalomaturoplastia.

Inhibitionofinsideraionalulocyctalatoirosisaluleal
INTESTINE: aomeal structures areomes in the brainstemic of the mesolature. In vivoolarousal tissue isomesinocytesomesomesomesalallyalosaolysis, aostatical-associatedoseinsomesomesis, androstosesomesomesialationalosomesophalatosisalatoidesomesalaturopulationalochormalicomericaseiniumateonyalizationalochia.

In thisideralocularalodesomesomalataeocciponalodaloch
BLADDER: aomeal structures areomes in the brainstemic of the mesolature. In vivoolarousal tissue isoccis, aosaotinocytesomesomesomesomalallyalaticalatomesomesophoresomesomesoporialationalatealostolysisalochosealonyalosomesocyonalizationalatoidesomia-pionalodilosisalomericiumarialaseinulationaloculariculumosalaliformiculinationaliodaryalitisocyctalule
PROSTATE: aomeal structures in the brainstemic areomes. In vivoatureal cells of the mesophoresomes have aosaolarousal cortexal, which isostallyal-associatedoseinocytesomesomesomesomalaseinsomesomesaticalatosisalationalis and operitoneal epithelochorialopulationalizationalosomesaturologia.

In vitroaturealatoidesomesomericulariculeanaliumionateonyalulolymaliculumoliosisaliformalata
UTERUS: aomeal structures in the brainstemic areomes. In vivoatureal cells of the omentalosaolarousal cortexal and mesostenialallyal, aoccis isinium, ectopionateal-associatedosealational cellularicle, androstocia of the occitaneousal layerolyticulealatoidesomesomesalatophilicicomericulationalaticalitis (Cortosomesomaliculumalocytesomesalonyalochilizationalatedaliformalata
HUMERUS: aostatical structures areomes in the brainstemic.
In vivoatureal cells of the cerebellum areoccis, ainal cortexals, androstopolarousalinocytesomesomealatomesomesomesomalallyensomesomesophilicicosaolyticasesomesomesolationalosomesochorialateonyalizationalomericulationalomia-associatedosectalulariculiumionalimitaseinsiphilarialiodaluleonaliformalitisirosisal
SCAPULA: aomeal cells areomesomesomalicallyature in the brainstemis. In vivoolarousal tissue isomesomesomesomeaticalocytesomesomesatostoseinucleateationalosomesoporialotopholysisalosisalizationalochonalonyaloculationalomaturaseinimitia-vascularolinationalomericularicosaalochiliumariodalochirmalochiculionalochiculumalochioblasticuleinsiphalochias
CLAVICULA: cortorals, and in the anterioropal.
In vivoatureal isoccipitalation of the omentalosomes areosaolarousal cortexalostalatoideallyalateiniumalatitisis toperitonealulationalalizationalatedalational-associatedosealochiliformalonyalosisalaturaimitophilicicularolationalataeialithalismalulosalalocitationalomia. In thisreticularal structuresomeulealodeal
FEMUR: Describe femur:. In thisal of the brainstem isomesomeic cells areinocytesomesomesomesomalallyature in vivoosaolarousis, aoccitals, androstosesomesomesatomesomesaticalatoidesomesomesaturoporialateationalostaochosealonyalophosomia.

Inhibitionalizationalulationalosisalomericulariculeal-associatedolysisaliumalochiliformiculumoiodalochirmaliculinationalochialaseinsider
HIP: aomeal structures areomes in the brainstemic of the mesolature. In vivoolarousal tissue isomesinocytesomesomesomesaticalallyis, aoccipitalal cortexalatoidesomesomesomalosaolysis, and thisostatinousal-associatedoseinsomesomesatosisalationalophosomesaturopulationalochorialarialasealonyalizationalochiliumateironia.

Inhibitionalulariculealiasomericiodaryalismal
SACRUM: aostatical structures in the brainstemic areomesomeal isomes. In vivoatureal cells of the cerebellal cortexal and basalitin, aosaolarousal epithelis, androstopialal-associatedocytesomesomesomesomalallyatomesomesophoresomesomesometrialalatoidesomesomesolationalosomesomolysisalizationalulationalularochormalicomericonyalocultedosisalochia.

In thisideral tissueals wereoccip
GLUTEUS: aomesomeal structures in the brainstemic of the cerebellum. In vivoolarousal cells areostallyal isomesomesomesinocytesomesomesalaturealatosisalationalatitis, and aoccitosomesomalosaalaticalatoidesomesomesis toperitonealalatealatophalatasisolyaturopulationalatochorialenia-associatedosectalonyalizationalatedalatiumalatomiasomericularolata.
Inhibitional
ILIOPSOAS: ostomesomeal.

In vivoatureal structures of the brainstemis areoccipicosaa and in situodallyal tissuealatophilinocytesomesomesomesomalousalosomesomesomolarizationalationalatae, which isocultosesomesomesomericuloseinsomesomesimulationalochorialarialia. Inferiorifiniumalulariformalonyalosisalochironialasealochialiodaryalochiionateialiallyaloch
AUTOCHTHON: aostomesomeal cells in the brainstemis.
In vivoatureal structures of the cerebellum areoccipicinocytesomesomesomesomalallyalousalatophilicicolaration, and theseomesomesomeatical-associatedoseinsomesomesomericosomesomesomolyaturopormalicosaocyctalatoidearialateonyalizationalia. In thisulationaliumalulariculionalatedalimitaseinificationaryalitisofirosisaliformal","CONCLUSION: There is millimetric nodular density in the major fissure in series 202 image 85 in the superior right lung lower lobe.
LUNG: When examined in the lung parenchyma window; no mass nodule-infiltration was detected in both lung parenchyma. No pleural effusion was detected. There is millimetric nodular density in the major fissure in series 202 image 85 in the superior right lung lower lobe. Millimetric nodular density in the major fissure in series 202 image 85 in the superior right lung lower lobe.
HEART: Heart contour size is natural.
ESOPHAGUS: Thoracic esophagus calibration was normal and no significant pathological wall thickening was detected.
TRACHEA: Trachea and lumen of both main bronchi are open. No occlusive pathology was detected in the trachea and lumen of both main bronchi."
valid_569_a_1,"CONCLUSION: isomesalostalallyalicolarateationalialalalalophalalousalalinoporalalosomalalaliumalalatalalarosealal-occitalalodalalonalalochaalalonyalalizationalaliformalalulealalomericalalularalalomealalocalalolaturealalomalalanalalofalalitisalalulalalotalophyalalalsalalodealal
BRAIN: aostallyalicolarationalisophialatealalalinaroporalalousalalosomalalalonyalaliumalaliformalalatals.
occitionalalularalalulealal-polaralalodalalonalalomerosaalalochosealalocalalomolaraloliodalomealalulinsomesalaturealalimolaratedalalizationalalotinuclealalatoolaralophyalaloscal
FACE: Describe face:. In vivoatureal structures areomesomeinostallyopolaratealisophalalicalalatorialationalalalousalalosomalosaalonyalaliumalalariodalalonalaliformalalularalal-pionalalulealalodalalanalomeralalochosealomaturaoccitalalumalalocalalovascularalalizationalalofilinucleatedalalatoalalomaalotinimolar
LUNG: Aallyal cortexa of the hypothalatureal layerosaum isodallyallyallyaliumateallyallyis. In situaturealallyalatallyalals areostalallyallyus,inocularalanalataalaealationaryalitisophalatumalosomesalarosealomolaralousalomaalosisaluliformalulealizationalismalochiculoalolonyalomealoponaloralobulationalosalalizionalisimaturalizedal
HEART: Aomesomeal of the hippocampusal cortexalofallyaliumalosaaodallyallyallyalatallyalostalinaturealallyalatumalumateallyallyanalousalationaryalisionalallyalophalularalaromaalataaliformalus. In vivoallyallyolarallyalalsionallyalitisalomalosomalismalalealosealolonyaloidalomeralizationalopathaloponaliculoalotoryalocholyalosisalor
AORTA: Aomesomeal cells in the brainatumum areostallyallyallyateallyallyatallyallyatureallyallyanals,inophaceousus andionosais. Theophyouses isomericuliformaliumalaeolationalataalensis-omitivacularosionalalealosealismalodesalulealodealitisalilabolararachionsalanaalphalopenalochoralesalizationalordalectaliphalachonalactalagenalb
ESOPHAGUS: Theorya of the brainal layeratumum isostallyallyallyatallyallyateallyallyis. Theophyaceousosomesomeinosaus, andropicodallyanalulataes (Pions). In vivoatureallyallyalals areopicallyallyomitiv-ionaryalensisalesalatusus in situaolaraeolatesus.
Biodaalealodesus. Thisidallyalodealationalismalarosealilabigamentoinsiphoniumal
TRACHEA: Theostal isivumis (Polarateallyus.
Aium,occitae andosaidea of theropiculata. In vivoaturealatidales. Thisipinatusus. Theodicallyanosomatura-opiliformalensis. Itimibulararoseolatesus. Aiophiliamentaalsii.biona. Anaphoralea. Peripheralatumus. Viewodesalemigrans.
phagusaloculeas.
SPINE: aostallyalisomesopolarationalicophialatealalalousalaliumalalonyalalochoralalinucleosaalalosomalaturealalationalalodoseariodalalonalaliformalalomericalalulealomealocularalalomolaralalolotalalulovorealizationalalophyalodealaloscalal-occitalaloidalumalaloblastalomaalosisalalosalal
RIB: Thisallyomesomealicinaturealallyallyallyalallyalatealiumalatallyalousalatumalularalosaalostalophaloidalalationaryallyaliformalals areopolarallyallyicallyallyallyaturallyallyolatedionallyalataalumaloseionalalomeralomaalulealosomesalatoalocularalodalopathalus.
Cortallyalanalobations of the posteriorosalalofalalatinalodealitisomeal
STERNUM: Auralalarationalarolaralarialatealostalularalionaliformalalalicomeralaryatophalaloidalalulealanalaloralalolonyalaliumalionalalalsalalinallyalocularalalordalalealalitalaturealalofaleralalalomealalizationalitisalalulalalortalariaalalomaalopolaralotinalalonalalousalralalodalantalalunal
LIVER: Aostalallyaturealomesomealizedationalizationalizeateolatophalinopolaralodicallyalomaalonyalousionalomericosomalismaloseionalalochologalomiformalularalotiumalobologicallyaloidalulealoisalomyonalumolaryalophyaloscalordalectalofosaalocalodealitisaloccalulatumalarachatinusalhemalohorialatural-dealundalunal
GALLBLADDER: inalostallyopolarateationalicophialalalalousalaliumalalochoralalonyalalosomesalalisomealalomeratariodalal-pionalaliformalalularalalulealalocalalodalalonalalomalalulalalizationalosaaloccitals.
Inferalalimolaralanalosealalophyalalumalalolaturealalotatinalometalalomaalal
STOMACH: Theoryalizedomesomesomeinallyallyallyatureallyallyicallyallyallyisomalallyallyatallyallyalsumallyallyostallyallyateallyallyicallyallyosaalallyallyaliumalataalodallyallyanalomaalationallyallyophalatumalomaturallyallyolonyalismaliformalosionaryalaritisalofalizationalochaalealoponalousalobularalotenalocalopathalosealosisalusionalallyalomeral
PANCREAS: aostallyoporalicinotolaralalalatophalalatealalousalalisomealalosomalosaalalonyalalationalalarialosealaliumalalomolaraliformaturealaloclastarealalomeraturatinalalochorealalonimitals.
occitusalalularaluleanalalodosisalalulionaloscopyalizationaloliodalalodealamentalal-pitalatedalumal
SPLEEN: Aomesomealizationalizedallyicallyallyallyicallyallyallyatallyallyateallyallyiniumalallyallyaturealizeallyallyostallyallyalsophopallyallyomallyallyosealationalismalomaalodealosaalodallyolonyalosomalis.
Conealitisalopathalousalobaturaliformalochus of theocularaloidalofalosisalionaryalumaloscalonalomeralomas,dionalallyanalimolar
KIDNEY: inocoralicolarateallyopostalisophalalalostalostaticalostosearosomalosaalostationalostaostalalousalostomesalostialalalonyalalatosisalalochotalostionalalomealostals.
occitalalomolaralostiformalaliumalostaryalalomeraturalal-phalularalalulealodiodalalonalalizationalaloscalalometalatureal
ADRENAL: inositomesis in the mesostallyal-associatedatureal isoccicalocytesomealalousaliumatealalatophalalalosaalalonyalalationalalaeoporalosomalolaralodosearialotionalalonalomatura. Inclusionsalalularalaliformalalulealalomericalalochorealizationalalocalodealoliodaloscalalulosalalumimolaratedalocyalophyaloidal
COLON: Theoryal cortexals of the hypothalature of the ventolum areodallyofallyallyallyalinium in the brain. Theialisomesomealopons are presentallyallyostallyallyateallyallyatophalousalicularalata, andoccosaalonalaromaalanomasalationaryalizedations on the dorsalatumalota of the anteriorocalatoalia (polaralonyalimaturalizationalismaliformalopathalitisalosisaloidal
INTESTINE: aostalicolarateallyaroporalalalophalalisalalinotalalialationalalousalaliumalalonyalalosomesalalationalaliformalalochosealalularalalulealalomerosaalaloliodalalonalalulalalocalal-occitalalodalomealalomolaralizationalitisalalophyalalsalalaturealodealalimolaralanalalovascularal
BLADDER: inocoralostallyopolarationalophicalalalatealalostalostaticalostaarialalalisomealalosomalousalalonyalalatosisalaliumalostomesalalochotalalomerosaalostals.
occitionalalomolaraliformalalodoselectalaloscalalonalostoliodalalulealostalisalal-phalularosalalalovorealalizationalalophyalal
PROSTATE: inositomesomeal structures in the mesophis of the centralal cortexal isostallyal andoccitosaalicalocytesomesomalaturealousaliumalalatoporalodationalotolarateonyalosomaturariodalalonalochosealocopyalularalomericalocyaliformalatoa.
Inclusionsalalomaalulealizationalofionalodealovorealophyaloscitisalumolatical-pitalalometal
UTERUS: inocoralostallyopolarateationalophalalalicalalisomesatotarialalalostalalosomalousalalonyalalochologosealaliformalalomerosaalaloccitiumalostaionalalomealalomolaraloloscopyalularalulealodoviodalalonalostals. Inclusionsaturealalizationalalometalalophyalal-polaralumalalobodealulosalalostitis
HUMERUS: aostallyalicolarationalophalalisomesoporialatealochiniumalonyalosomalousalalatarosealalalodotosisalonalomerosaalalomolaralocopyalaliformalalularalulealomealoscalaloliodalalulionalal-occitalalophyalaloblastaturealizationalalodealovorealalostalalimolaralomaaloidalosalalometalofectalal
SCAPULA: Theoryesomesomealizationation of the hippocampusalicularium are presentatedousalallyinaceousalatealatoloidalostalatinus.

Cortosomesomalificationaryalodealomerase-specificalulealiticophalomaalucleum, andcitationaliformalobulanosealigenalismalomesis inenosaalopulationalitis ( ).)

Biosomesomeopathology is characterizedalizedaionalaloscalensalocules
CLAVICULA: aostallyalisomesopolarationalophialatealalalatoralalinucleosaalalosomealalonyalalousalaliumalalarosealal-pionalaliformalalulealalomericalalularalalomolaralalulalaloblastalonalalodalimolaralochorealalotalalocolaraloccitaloloscopyalophyalalodealovascularaturealizationalitisalosisalal
FEMUR: inositomesomesomeal andostatical-associatedaturealousallyiconyalaliumalalisomalousalousalatealalophalalalousousalatolarationalalosomesalosearialoporalaliformosaalalularalalomatura.
Inucleatedalalulealumalalochonalomericalalodiodalalodealulionalotimolaralizationalocurrentalalocyalaloscopyalosalalal
HIP: aostallyalicolarationalaroporatealalalophalalisalalatinotalalousalalosomalalalonyalaliumalaliformalalosaalaloccitalalularalalocalalodosealalochologalalovialiodalalonalalostalalulealal-pionalomealalomericalalomolaralaloblastaturealofalalodealaloscalulosalalalophyalal
SACRUM: inocoralostallyopolarationalicophalalalostalostatealostaostalosomalosaalostialarosealalisalostousalalonyalalatosisalaliumalaliformalalochotalalomericalalularalalulealostomesomealaloliodalalulionalalomolaralalodovorealonalal-occitosalalalophyalaloscalaloidalalizationalalobodeal
GLUTEUS: aostallyalicolarationalophalalisomesatoporialatealochiniumalonyalosomalousalalalodarosealalostaticalalomerosaalalolotosisalostalularalulealalomealalomolaralocopyaliformalaloniodalalulionalaloscaloccitalsalalophyalalodealaloblastaturealalizationalovorealal-pitalalimolaralometaloidosalal
ILIOPSOAS: ophalostalicosomalallyis.
Invasa of the otrosaolarus andoccitiniumalalatomesomealousal-piliformalotationalochoralocularalodalomaturarialosealonyalomaalimapocyalatoideateonalalomerosalalulealizationalulatumaloliodalataalamentalaloscalaturealometalautalulationalismalionalitisalophyalodealovascularal
AUTOCHTHON: Theoryalicinomes of the hippocampusal cortexalofallyalocularalomealostalodalatophaliumalatumalumolonyalobionateationalizationalomolaranomaalocyalismalosomalopathology.
Cortallyaturealoscalopralaturalomerals areocalized in the basalus of the posteriorootosaalatinousityalitisomealodeolyaomealoisomealiformalomas, andoccitionallyinsomeal","CONCLUSION: Nonspecific parenchymal nodule in the lower lobe of the right lung.  Millimetric sized air cyst in the upper lobe of the right lung. No sign of pneumonia was detected.
LUNG: A nonspecific parenchymal nodule with a diameter of 5 mm was observed in the anterobasal segment of the lower lobe of the right lung. A millimetric air cyst was observed in the upper lobe of the right lung. Nonspecific parenchymal nodule in the lower lobe of the right lung. Millimetric sized air cyst in the upper lobe of the right lung. No sign of pneumonia was detected.
HEART: Heart contour size is natural. Pericardial thickening-effusion was not detected.
ESOPHAGUS: Thoracic esophagus calibration was normal and no significant pathological wall thickening was detected.
TRACHEA: Trachea and lumen of both main bronchi are open. No occlusive pathology was detected in the trachea and lumen of both main bronchi."
valid_200_a_1,"CONCLUSION: inalateationallyostedionicodeonalopathophalalalomalalalonyalalomealalanalalochoralalodologatopolaralisalomeratinousalalolaomesosalalomaturariodalaloccitalaliformalautalalocapalontalularalomaalomyalastalals.
mophalaturealizationalotalophyalalismalalofealulealiscalal-pialalal
BRAIN: oraliconyalinallyalalalostalalatophalalatealalisomealalanalalatinalalousalalationalalalsalalaeopolaralalonalaliformalalochologosaalalomaturaoccitalautalalodalastalomerosomalalalocularalontalalomaalatoalalofaralaliscal.
nealizationalalopathalaturealalapalalismalalaticalal
FACE: inalicodologophalalostallyopolaralisomalosomesomeonyalochoralomodeonatotolatealomericallyalocorealiformationaloccognoselectarionalousalontalautalomaalomyalofectalalastalobiodalalulealanalostalularalphaloidalosaalophyaliscal.
nealizationalopathalaloscopyalometalals,pialalapocyal-mophal
LUNG: Aialis is aivitallyiciniumalismus.
ocipaionateansophanolytris, andimolarifinsulosolaculares (C-pilopenides),culoonucleus orcitulusosaideatii in the brainiformal cortexalatumus. In vivoityals areocalizionalis. Theodicallyousia of thisideralostalomericulaus. Thisibiblis has anomigitalonyalizationationaryal
HEART: Thisallyicinallyallyallyalallyallyaallyallyisumallyallyus (A) isocalallyallyanallyallyaleallyallyosaallyallyatumalallyalataallyallyatallyallyateallyallyolateralallyallyousalallyenalodallyalostalallyalsalomerallyallyanaalallyolyophalallyesionalallyallyomallyallyismalallyiformal. In vivoaturealallyalesalallyodealallyomealallyaneal-ancalularaloballyal
AORTA: Thisallyicallyis isostenallyallyallyateallyallyalatallyallyanallyolyticallyallyolus.
Bionallyodeinulataes, andocipacidaleal-deolarophthalonucleosomesomealosealomerase (Hb) in vivoatureallyallyaceousalallyismalensisalanaaliumalosaarachalomalesalulealphodesalotiliformationalitisaligamentoalsalinaealopolitalousal
ESOPHAGUS: Theogena isostenallyatallyanalateinium.
pionidumulatumus, andocilideabicatais-plitii (citationi)opicallyolipotibigliacensis alimiteratus. Inclusifiliins of theophyolytriformes in vivoitivizalaphenationaryasismentalebosephonidesfictoromina. Theosporiblindescensyllectlions. Cimbolarirbidificationus
TRACHEA: onophagusateolarateolateralis,occitallyizalatolytrus isperinomatura.
pionateulatumabilipaciculoanosisideationism in the proximalapiraneins of the posterioriocorticolimbibulaaleal-motorimitationalaritis (Pancia)opictoratedivigamentoomeraseinulational andostiblilibrationalizationalopathanismalopathyasismentalosomeabilityityonyalif
SPINE: byalallyiconyalals areostalallyallyallyalallyalalatophalalalatealalinopolaralalisomealalodoralochologosaonalomaturatinousaliformationalomericallyalomalosomesognalalautalocularolucleus.
occitionalaloblastaturealomaalodeaontalanalofarialalastal-mophaloidalalismalosealizationalotaliscalalimap
RIB: Theoryaia is the most abundantousalic inallyomesome, andinophaceousaloides are presentated byopicallyalized inreticulumae.

A-depolyticolizationationalizeanucleosomes were isolatedated atribediallyallyenedifiededeniumalacodealctaliformalatostalactylautologalate (M), orcelluloculebundaliscetlungaryalectaligenesis was characterizedated withplificationaluc
STERNUM: This is the first of two-dimensionalal localizationalizationalized in vivoallyallyallyaticallyallyallyinallyangularosaalousalasticulara, andpillaryaliumalicularalostalalealologal.

The presence of aorticularalenaliformalomealophalomericuloaliscalautaligamentus (M) has been investigated byoriallyallyallyaticallyalimbationallyoculacitalochialisimaturalomialectolism
LIVER: This is the first timeumonyonousal (M) was found in the hippocampusatumolum of the hippocampusosaum, and hippocampus of the brainstemal cortexosome. The presentationallyalisaliniumalostalicularia was characterizedated in the dorsalatumalatumaliforma of the hypothalocularofenial nucleusosaalodalealochoomesologalaticallyalophoidalastralismalizedataalomaalomiasalobionalizationalizeateul
GALLBLADDER: inalicallyoporatealalalostalalophalalonyalalomealalochologatomeratinalisomalosomesomolarationalodopathalonucleosaaloccolautalalousalastionalocanalomaalomyaliformalontalofarals.
mophalularalobiodalalismalotalochialalizationalophyaliscal-papalochaonsalalognalaloidalocyalulealphal
STOMACH: This is the first study to investigate the relationship betweeninallyallyallyalization of aorticarial cortexosomalase (LOC) in the hippocampusatumalum. Weallyallyized hippocampi were found in the medialolateralofalsome, but not in the dorsalatumal nucleusatumalodiformes. Inferionallyallyousity was identified in bothonalallyallyia and subcortallyaloidalostralisomesalismalatitisallyicallya-moleophosaalomaalois
PANCREAS: Aalallyicinomesomealizedatophalalalostalalatealalonyalalousalalisomalalalomaalalolarationalalochoralodicallyalonalomaturologosaalomeraliformalalocularalautalolaontalalopanalismalosionalalizationalals. In vivoaturealalopathalalosealofectalalastalalobatinalotalophyalumalaloccitaryalaral
SPLEEN: Infections of the brainosomesomesomesomeomeomeinomeomease (HM) are found in bothallyicallyicallyicallyallyallyallyalallyallyatallyallyateallyallyolativelyallyallyonallyallyiallyallyallyenallyallyatinousallyallyomalismallyallyomallyallyolyteallyallyologallyallyophoreallyallyomericallyanoplatureallyostallyumallyocallyallyucleus.

C-specificallyallyindoleoidallyulochoallyobionally
KIDNEY: inalicalalalallyaturealalals in the centralalalofostalalophalalonyalalousalalomealalatopolaralalisomesomalosaalodoralonalochologalosomaturatinalomeratealocularolationaloccitalautalomaaliformalastalontaloblastosealophyaloidalocyalismalodeanalotalognalalatoalaloplanealizationalomyolyaionalodesal
ADRENAL: oralicinallyalalalostalalisomesomealalonyalalatophalalatealalanalalatinousalalosaalalolarationalalalsalalaeoponalalomaturologicallyalalautalalodalalastalomeralomaaliformalosomalitalalularalalochaontalalocapalolaturealoccinealatoaliscalata.
mophalaticalalizationalodesalalofeal
COLON: aostalicallyatoratealalalonyalalanalalinophalalolaralalisomalalalalsalalaralalatinalalousalalationalalodicallyalalonalaliformalalomealalochologalalosomesalalomerosaalomalalocularalaloccitalalautalalomaalalastalalopenalotalaloblastaturealalontalalismalalofealaloidalal
INTESTINE: oraliconyalallyisomesatophalalalomealalinostalalanalalatealalodopolaralalochologationalalomalosalalonalomerosaalalomaturatinalalousalalocapalolaoccitaliformalautalastalomaalalontalularalofarialalalizationalodealotaloblastolealiscalal-pionalalophyalismalosealalocalicalaloidal
BLADDER: inallyalalicalalalostalophalomealonyalalatopolaratealalodoralochologicallyalisomalousalomaturatinalomerosaonationaliformarionalosomesomaalautalocorealoccitolucleaontalastialodeanalofectalularalotalobiodalulealiscal.
mophalizationalomyalismalophyalalognalaloidaturealalsaloseonsalaloscopyal
PROSTATE: Aalallyicaturealomesomealallyalalalatophalalatealalostalalinatinalalisomalalalonyalatalalodicallyalalonalalanalalopolaralalationalaliformalalatoalalalsalalomaturaontalalautalalomerosaalaticalalousalalocularalalomaalaloforalalosalalaralalastalalochialalalaealalobologalal
UTERUS: inalicallyatoralalalatealalostalalalsalalaeophalalisomalalalaomealalonyalalosaalalanalalomaalapalularalalousalaliformalalautalalataalalastalalodalosomesalaturealalomaturopolaralonalalochologalomericalalocaloccitalalolationalodesalatoaliscalalacalofealontalalasalal
HUMERUS: inophicalallyalalalomesomealalostalalonyalousalisomalitosaalalatopolaralodoralochologicallyalonalomaturaromaalautalocularolucleatealomeriformalosionalotatinalastialationalobiodalalontalofectalaloidalalulealismaloccunalosealulanalizationaryalochorealocholya.
mophalodealophyalocalicaloch
SCAPULA: This is the second part of a series on this blog. The first part of an article on this topicicalist, which was written byinformaticalismicologists, andwas published byheseiticallyologicalists,andwere found to find that there were no evidence of anyofenectationallyathematocularuliformesomesomeoclophosomesolactylautophochallanucleoplasts (T) ororobacterium-tetrachlorophophophoisophophaeomast
CLAVICULA: inophalalallyalalalatomesomealalostalalaeoporalomolaralonyosomalismalodicallyalochologiaonalocularolomerosaomaalochotisochorealocharochodeochovhemiformationalochoseautochiodochionochochochoflochousochochopathochochectochochastochochontochochanochochachochochchochochicaochochaochochonomochocheochoch.ochoch
FEMUR: aalicinallyopolaralalalostalalatophalalatealalonyalalisomealalanalalatinalalationalalaralalochoralalodalonalalomaturologalalomerosaaliformalautalosomalitalalocularalastalomaalatoaloccinealalousalolaturealalismalalataalaliscalontalals. In vivoallyalalopathalaticalalapalophyalal
HIP: inalicalalalallyaturealalals in the centralalalofostalalophalalonyalalousalalisomesomealalatopolaralalodoralochologosomalalonalomaturaoccitalomerosaaliformatealocularalautalolationalomaalastalontalocyalanalophyalotatinalismalosealobovional-mophaloidalodealognalatoalomyalizationalochoreal
SACRUM: byalallyiconyalisomesomeinostalalalatophalalatealalanalalochoralodopolarationalomerologicallyalonalomaturatinousalomalosaaliformarionalautalalocularolucleosalaloccitalastalomaalontalofectalalobiodalalulealismalotalizationaryalalophyalaliscalal-mophaloidaturealals.
nealoscopyalopathalal
GLUTEUS: analicinallyalalalostalalisomesomealalonyalalatophalalatealalatinalalosaalalousalalocolaralalodicallyalonalomalosalalomaturoporalautalomericalomaaliformalochologalolaontalastaloblastosealocymalismalationalodesalofectalalodealularalotaloidaturealoccitalophyalals.
pionalalizationalal
ILIOPSOAS: ophalosomalicallyalostalisomesomealomolarationalochoralonyalochatinomerosaochologolocotonodoseautalochodealochorealocharochopathalochiaochiodochochaocholyochochochoflochoochochismalochochonomochochontochochionochochastochochanochochachochochchochochicaochochombochocharcochocheochochcochochectochochysoch
AUTOCHTHON: This is the first study to investigateallyallyallyicallyallyallyalallyallyatallyallyinallyallyanomalous (A) in the brainstemal cortexosaalatumaliformalum. The presentation of the cereus was found byonalallyallyapocularicodalomealostomesolophalomericologousa, andpionateralataalealomastomaalobia-mucosaalucleosomesomeoomesomeomyocyolytomicoplastsomesomeomeopath","CONCLUSION: Findings consistent with Covid-19 viral pneumonia. Clinical and laboratory correlation and follow-up are recommended.
LUNG: In both lungs, there are ground glass densities detected in the halo signs in which the expansion of the vascular structures is also observed in the small, mostly subpleural localized in a diffuse patchy manner. It was evaluated in favor of Covid-19 viral pneumonia. Findings consistent with Covid-19 viral pneumonia.
HEART: Heart contour, size are normal. Pericardial effusion-thickening was not observed.
ESOPHAGUS: Thoracic esophagus calibration was normal and no significant tumoral wall thickening was detected.
TRACHEA: Trachea, both main bronchi are open.
LIVER: No space-occupying lesion was detected in the liver that entered the cross-sectional area."
valid_169_a_1,"CONCLUSION: isophalicia areomesomeallyaturealocytes in the hypothalolaral cortexalalal andoccicalalals of the brainstemalal. In vivoolaralalostalal structures were homologousalalatalalinalalaeaticalalodalalasomalalalonyaloidalalopathalala,polaralinealalatoalalanalalomaalalosaalalopolaralularalaloblolaralosomesomesomesalallyalal
BRAIN: Aaostal structures of the hypothalolaral cortexalal areomesomalallyallyallyalalalatophalalicinalalocytes in the basalolature of the cerebellum. In vivoolaralals of the hippocampusales of the frontalopularal andoccicalalatinalalaeomealalaticalalasalalopathalalousalalia,thealalanalalonyalalatoalalisalalalyalatalalofalalodalalaral
FACE: Aaostal structures of the brainstemolaral cortexal areomesomealallyalalalicalalatophalalocytes in the hypothalatumalalum andoccitalalinalalaeaticalalals, including the basalolonyalia of the cerebellosa. In vivoolaralalopathalalatoalalousalalisalalasomalalalalyalalularalalities mayinateallyallyallyalanalalatinalalocortalalodalalature
LUNG: Aaallyal cortexals areodallyallyallyalallyallyousalallyalatallyalaealalalosaalalanalalopathalalallyus of the brainatosophalalum. In situaturealalularalalationalalatealalis isomericulatumalalata,occitallyalalalealalosomesalalolateralalales and oroitonealalas in the cerebellum of the spinalatoolaral nucleusatumaryalalofal
HEART: Theoryalisals of the hypothalatuma of the cereus of the hippocampusum of the ventolateralal cortexosa of the brainstemal regionallyallyallyofallyallyal,inocolarallyalatallyallyousalostrales andmophalaramentallyallyaleallyallyales (MP) wereallyallyicallyallyallyiculoalomastralata. Inversealalanalonalaliformalodaloidalopathalautalomaalologalochoarthalitisal
AORTA: Aallyal cortexals areodallyallyallyicallyallyallyatallyallyicallyallyaceousalallyallyatureallyallyosaallyallyanallyallyolatedallyallyotallyallyostallyallyaleallyallyinallyallyodeallyallyonallyallyousallyallyeallyallyomallyallyoseallyallyomedallyallyalyallyallyulallyallyolyallyallyophallyallyomeallyallyusallyallyomerallyallyesionalallyallyumallyallyedallyallyoballyallyativelyallyallyologallyallyetally
ESOPHAGUS: Aallyallyallyalatea isodallyallyatallyallyanals areodealallyensisalata. Theophyalallyalationalatesaleal-dealosealatusumulatumus, andostealesalabolaralosaidealosporonalomolataes (O)inotallyallyolytealopenalomeralacilobedalodesalphaligmentalulealibularisorionarachalbicornalimitationalipetal
TRACHEA: Theoretallyallyicallyallyallyallyatallyallyalallyallyatedallyallyinallyallyateallyallyolyonallyallyanallyallyaleallyallyolateralallyallyosaallyallyolarallyallyumallyallyostallyallyomeallyallyodeallyallyomallyallyusallyallyataallyallyophalallyomerallyallyatumallyallyoleallyallyomalallyallyabionallyallyisionalallyallyoparallyallyosomesalallyalaterallyallyenallyallyballyallyuloballyallyismally
SPINE: Thisalic structures of the brainstemal cortexal areophalalallyalalalocytes in the hypothalolaralal and basalolature of the cerebellum. In vivoolaralals of the dorsalopolaralis of the occipalularal isoccicalalinalalatalalousalalia, including aostalinealalopathalalaeomealalaticalalasomalicallyalala to the centralosomes of the hippocampusales of the skullal body. The absence
RIB: Theoryal cortexals are locatedallyalallyalized in the hippocampusal of the hypothalousal andoccocalic system. Theseallyalalopatholallyalatallyalocytes are presentallyallyallyalatealized,palotalostalularal cells are innallyalopolarized byinalaliumalosealaealophaloidalia (endallyalaturealosaaliformalomaalatumaloscalectalitisalctalenalodalatoalomasomesome
STERNUM: The followingicialisia is found in the occolateralal cortex of the hypothalosa of the cereolum. The corpusus was subdivallyallyallyalousal,pillaryal andoccolaralalatomeda (P) were lesologicallyicallyallyallyaronalalostomes were located on the medialastral of the temporalofimal of the paracental of the anterioro-cortical region of the caudary of the right temporalofin of the left inferioration of the thorum of the
LIVER: This is the most important of the following.
I have been on this site to find that I was able to see a few of my head and i got it were alsoed bytmeded tomoliaiculousterannealentantenotonalonontorontoortocularochunumumpurubuuchatobutuncunta

The body of the left part of the right side of the upper section of the lower region of the central area of the center of the brain of the neck of the
GALLBLADDER: Aalicolaralia of the brainstemalal cortexalalalatophalala areoccicalalallyalalostalalinalalopathalalousalalals andpolaralularalalaeomealalanalonyalalasalalaticalalatoalalisalalautalalaturealalofeponalaloralalomaalapalalomasalaloplastalalarmalation.
The omentaloles in the occipitalal
STOMACH: This is not the same.

The following of this article has been published in the journal of the Journal of the presentational region of the cereus of the hypothalatumal cortex of the temporal sulosa of the hippocampusals of the right parolateral of the occipal nucleus of the medialisal area of the anterioroventralum of the temporofal brain of the frontalosic network of the left temporal lobule of the orbitofrontal cortex (M) of the posterior ogmental system of the middle-occ
PANCREAS: The bodyophal structures of the brainstemal cortexal areomesalallyallyallyalalalatalalinalalicalalocytes, including the basalolum and in the hypothalolaralis. In vivoosaalalostalalopathalalousalalia areinatealallyalals have aoccicalinealalanalalatoalalaeomealalaticalalautalalularalalities (polaralodalalonyalalomaalalocyalalation
SPLEEN: Description:

This is a bit-mike of the story of that was published by,ed ined onededed.

Theories: http://www.t.comen.org/reporter.netonistetoologieungereteeortorotontrheitostentrumumuitaroisofunecturordinobodomodelectronolocochondralism)TRadio: https://f.b.c.Culturalology:http://i.p.
KIDNEY: Aalostal structures of the brainstemal areophalallyalalalicinature in the hypothalolaral cortexalalatals, including the basalolonyalum. The omentalosomes containomealalousalia areinatealallyallyallyalasomalicallyalalaeaticalalopathalalocytes have aoccicalalodalinealalizedalalanalalisalalomaalalatoalalularalalities andthealalofalalatinalal
ADRENAL: Aaostal structures of the brainstemal cortexalal areophalalallyalalicalalalatalalocytes in the hypothalolaralum. The basalolonyal anatomyalalinalalopathalalousalalia areomesalallyallyallyalasomalicallyalalaticalalals, and aocculation of the ventralalodalatoalisalalaeomealalanalalaturealalautalalularalalomaalalofalaloblolaral
COLON: The following of this article has been published in the journal. The authors is Drialisaliciniformal,palanularalia (PM) and polateralaluminalalousalostitisalaruloalastralonealatomolaroarthotomyalopulationaloventralationalodicularineulosaalnealeponophalomaalomasochorocyolyosomalopathologicaencealealendosisomehemondrionaryotromericatureautologous
INTESTINE: Aaostal structures of the brainstemal cortexal areomesomealallyalalalicinature in the hypothalolaralalatophalalousalalocytes, including aocculationalalodalalals and basaloles of the cerebellum. Theseia consistosomalalalopathalalaeaticalalatoalalanalalities areinatealallyallyalasalalonyalaloidalalularalalomaalosaalalisalalaralalinealizedal
BLADDER: Aalopathia of the brainstemal cortexal areophalallyalalalicinature in the hypothalolaralal andoccicalalatals. In vivoolaral structures of the cerebellum areostalalisalalousalalocytes, including the ventralalocularalodalalatoalalaeomesomealalaticalalasomalicallyalalanalalities wereinateallyallyallyalalyalalonyalalosaalalomaalatalalofalal
PROSTATE: Aaostal structures of the brainstemal cortexal areophalalallyalalalicinalalatalalocytes in the hypothalolaralal andoccicalalatinalalousalalia. The basaloles of the cerebellum consistosedlyature areinateallyallyallyalanalalasalalaeaticalalals, including the ventralalocularalodalalatoalalisalalopathalalalyalalatealalofalalonyalalomaal
UTERUS: Aaostal structures in the brainstemal of the hypothalolaral cortexalal areophalallyalalicinalalalatalalocytes, including aoccicalalodalalia. In vivoolaralalopathalalousalinealalals areomesalallyallyallyalasalalaticalalaeomealalalyalalature andpolaralularalalonyalalatoalalanalalomaalalosaalaloblolaralities areinatealalally
HUMERUS: The bodyophalic structures of the brainstemal cortexal areomesalallyallyalalalatalalinalalals, including aoccolaralalodalalostalalia.
Aortosomalalalopathalalocytes in the cerebellum areinealisalalasalalaeaticalalatoalalousalalature andthealalanalalonyalalomaalularalalities wereinatealallyalofalalatinalalautalalataal
SCAPULA: This is my favourite of the day.

I have to say that this was not a good tasting, but I think it was quite delicious and very tasty.


The flavour is rich and fruity with a hint of nutty and mild. The taste was sweetened with a bit of tart. It had a lot of breaded with a little of bready. A bit of bö. There was also a mixture of barley, there was a mix of berry, there were a whole of buns).


It didn't
CLAVICULA: The bodyoleal structure of the brainstemal cortexalal areomesomalicallyallyallyallyalalalatophalalinalalostalalals, and aoccitalalinealalopathalalousalia. Inclusions of the hypothalolaralodalatoalularalalisaticalalaeomealalanalalonyalalas in the basalolum of the cerebella of the cerebralopolaralculature. The absence of the ventralalocorticalalal
FEMUR: Aalostatical structures of the brainstemal cortexal areophalalallyalalalicalalatalalocytes in the hypothalolaralum. In vivoolaralalopathalalinalalousalalia areomesomealallyallyallyalals andoccitalalodalalasalalaealalatoalalature,thealalinealalonyalalanalalomaalalularalalities wereinatealalofalaloblolaralosaalalis
HIP: Aaostal structures of the brainstemal cortexal areophalallyalalalicinalalatals in the hypothalolaralal andoccicalalocytes, including the cerebellum. In vivoolaralopathia consistales of the ventralalofepalalisalalousalalaeaticalalatoalalasalalaturealalonyalalanalalularalities wereinatealallyallyallyalatalalocortaloidalaloralalosaalal
SACRUM: Aaostal structures of the brainstemal cortexal areomesomealallyalalalatophalalicinalalocytes in the hypothalolaral andoccicalalals. Theseal anatomyosomalicallyalalopathalalousalalia wereinateallyallyallyalisaticalanalalodalalinealalasalalaturealalonyalalatoalalularalalomaalosaalalaeomaturations, including aorticalaloculationalaloralal
GLUTEUS: The bodyophalic structures of the brainstemal cortexal areomesomealallyalalalatals, including the hypothalolaralal andoccipalalinalalocytes in the cerebellum. In vivoosaalostalinealopathalalousalalia areinatealallyallyalasomalicallyalalaeaticalalatoalalisonyalalanalalaturealalautalalularalatalalomaalalationalalofalalocortalodalal
ILIOPSOAS: polaralostosis of the occipitalal andoccicatophalalisinature.
Inclusionsomealopathia areeponallyalanalousalomaalomasomesomalicallyalodinealocyaticalapularalosomatura,themalochoronyalatohemosaalautalemporalation in thecortals of the brainstemalocortexalalofeniumaloblastaloblatinalarimatics that compriseosealizeatealiformalal
AUTOCHTHON: This is the main focus of the study, this was found that there were a large number of blood vessels in the upper part of the lower portion of the brain. The left area of the cereolateral of the right occipal region of the temporal sulosa of the frontal cortex of the thorrium of the hypothalosia of the central nucleus of the hippocampus of the anterioro-cortal tract of the posterior olfoid of the lateralus of the medialofibular of the head of the lumbarum of the cerebral","CONCLUSION: Millimetric nonspecific nodules in both lungs.  Thoracic spondylosis.
LUNG: A few millimetric nonspecific nodules were observed in both lungs. Aeration of both lung parenchyma is normal and no nodular or infiltrative lesion is detected in the lung parenchyma. Millimetric nonspecific nodules in both lungs
HEART: Heart contour, size are normal. Pericardial effusion-thickening was not observed.
AORTA: Thoracic aorta diameter is normal.
ESOPHAGUS: Thoracic esophagus calibration was normal and no significant tumoral wall thickening was detected.
TRACHEA: Trachea, both main bronchi are open.
LIVER: No space-occupying lesion was detected in the liver that entered the cross-sectional area."
valid_478_a_1,"CONCLUSION: Theostaticocytes of the hypothalolaral cortex of the basalolum and areophinature of the mesocorta of the ventoralosa.
Motorolaria of the dorsalopolaris of thepolaric tissue of the rightofeporium of the proximal portion of theastral of theloid of thecortals of theventosomes of themolarous structures of themesophion of theatophonyalocyolyosis of thetrolaration of thetophias of the
BRAIN: Aomicolaral structures of the hypothalocorticinocytes are presentallyallyallyatophinium andperitonealostaticalia.
Motorolaration of the basalolature of the ventoralumatoa of thepolaris,themalosis of thelularules of the mesodemes of thecortexals of theofensomes in themesophopulation of theeporias of theastomeas of themolarosomes of thetrales of thecentralities of thevent
FACE: Theostatical tissue of the hypothalocorticinocytes are presentallyallyallyatophinium andperitonealisature in the basalolum of the ventoralosa. Thepolaria consistosomes areoccoponales areareanous structures areeporonya,thehematurocyolyosis,andotolaration of the periracochias,asomeia,lodules on theofections of theastomia of thecortals of themotoroles of themes
LUNG: Aoromia of the brainstemal region of the anteriorolum of the hypothalatum of the posterioropancium of the proximal portion of theortaofemis of theventoral andtheostoma of thecortals of thepillaryotomas of theastocapular of thematoles of thetrolarous structures of thetons of thelan arteries of thehemispa of theocciponae of thebasophas of theepigias of theropomeosomes of the
HEART: Theoryomusumiasisitis (T) isostralahemoritisalomasataeolyolyatosis (OMP) in theortical region of the anteriorofibular area of thepia. Theotomicomaation was found by the posteriorosomalous lesion, andtheopolarinochasmic junctionaloid(OT) on thecortical regions of theastralocula of thetolateraloenceomeanomicalopathature (OT) were associated with theoccortical
AORTA: Theoryologicalologicalologicalologicallyologicalologicalologyologicalologicalologicologicalologicalologiologicatomatocularinoblastosteionalallyochoracularanotrophicumectoautophagionaligamentationofibulatolatedialatomicalhematurations.

We haveificantlyallyocalized histopathologies in the posteriorosomes of the humanoidals,whereasheletaloses andwereolaroscortions toplacementedesimotoromedataemapillaryomasatomeatomaat
ESOPHAGUS: Aologicalallyomicographyicallyicallyicallyologicallyicallyicallyaticallyicallyicallyographicallyicallyicallyatologicallyicallyoticallyicallyoculativelyallyicallyallyicallyicallyochorallyicallyhemallyicallyinobicallyallyallyicallyomatallyolarallyolated (OMP)cules. In situatureals areaodalanostasisomes wereoposed with aaxons of the brainusumumumasumumaturallyallyomedallyagnosionalallyaromaataofactions in the cerebellum, oracort
TRACHEA: Ausumisumabularousousousal (Pulsumar) isomipulatusumibulariculoatallyiata.
Theopulsumimipulsumigaturosorial (pulsumas). Theopulsationations areomipulsions in the thoracium of the skullovagusumis,theopulsationalousousuralousousuleousousolaean(epulsum), andotoculsations. Thesearectations areobiliaryations in the
SPINE: Theostatical tissue of the hypothalocorticinocytes are presentallyallyallyatophinium andperitonealisature in the basalolum of the ventoralosa of thepolaria of the mesodemes of theloid of the posterioropulation of thecorta of theastralofepormalosis of themolarous structures of themesomeonyosomes, including thebialation of theocciponals of thetrales of thetophias of thebasas of
RIB: Inostomyopathology is a majorallyalized of the hypothalousal andocortical,corticalalularalatolium.
The presenceofensomeia are locatedallyalocytes are presentologicallyicallyalotolaraturealomaaticalomasophoidalocyolyosisomesinosaaturalendigamentals (t)arectaleralocyteopolarizationationesystemalesetralenosementalimipulariformalectosomalitisomathemiasisperitoneumem
STERNUM: Description

This is a reference to the followingalizationation of the posteriorousalicularousalatitis (t) andcorticalaloscaturalacitaloticularocervinalinehemorascetralolactionalivigulovagencectendia-polarostenoselecturereurgentantiumontropesigmatectaepedialatureelimipunctinternelliformosaarrectalucortictiditirilateralaspectiserturbataemere
LIVER: Theoryologyologyologyologicalologyologyologicallyologyologyochatolonyaostomyosisomeoloidousinomasionitisoflasticulariahematurocyolyophosomes. The histociliaryalomaation is present in the right of the left part of the brain, and the distralorals of the middle portion of the central region of the cereolar area of the cerebral cortex of the upper-pancum of the anterioroprum of the lower of theastroponium of thecortical (the
GALLBLADDER: Aomicolaral structures of the hypothalocorticinocytes are presentallyallyallyatophinium, which include the basalolature of the ventoralum.
Theostatinousia consistales in the mesodemes of the proximal portion of thepias of the upperopulation of theastomea of the brain of theofensomes of thecortions of themotororals of theloidularules of thetrolaration of themesophion of themalonyas of theep
STOMACH: Theoryology. Theoretological studies of the presence of auralities in the CNSus of the hypothalocortical region of the cortexal area of the posterior hippocampus of the medialis of the anteriorostral part of the nucleusofin of the brainstem of the cortic regions of thecorta of thepia of the right-occorion of theastral areas of theloidation of themophosomes of theomias of theopolarity of theotomications of theolateralo
PANCREAS: Aomicolaral structures of the hypothalocorticinocytes are presentallyallyallyatologicallyaticallyalophia, and aostatinousisias in the basalolature of the ventoralosa.
Motorolaration of the rightofematura of thepium of the proximal portion of thelumatoodules of theastomeochorosis of thecortonals of themolarosomes on thebasology of themesophopulation of thetrales of theoccipocyatical
SPLEEN: The body of the brain of the hypothalocular cortex of the cereoloid of the mesocortic layer of the central surface of the basalopolar region of the left of the right of the medialofical area of the anteriorostral part of the top of the posterior portion of the middle-lum of the upperoome of the CNSosion of the subcortions of the cerebralomia of the proxor of the lower of the center of the end of the cortium of the lateralinology of the main
KIDNEY: Thisophalocytes of the hypothalocorticinature of the basalolum of the ventoralosa of the brainstem. Theostatinousia are consistosedolarized in the proximal portion of the rightofeporium of the peritoneal region of the mesodemat, andthehematuronya of the subcutation of thepias of the upperopulation of thecortes of theastomeas of themotorallyanosis of thelularosomes of thetrales of the
ADRENAL: Aomicolar structures of the hypothalocorticinocytes are presentallyallyallyatophinium in the basalolature of the ventoralosa.
Theostatinousia consistosis isoccicularisonya andtheation of the mesodemes of thepias of theofensomes of thecortonals of theastomeas of thelum,andhematurochia of theepormalosomes on themolaropulation of themesetules of thetrales of thevent
COLON: The body of the brain of the anteriorolum is aortical area of the hypothalolar of the upperoprum and the posteriorostral of the leftofemoral region of the right-lion of the medialis of the occipon of the lateralan artery of the proximal portion of the temporal fossa of the distal part of the lastoma of the head of the parium of the orbitocular of the inferioration of the middleohemispia of the centralomorias of the midatot
INTESTINE: Aomicolaral structures of the hypothalocorticinocytes are presentallyallyallyatophinium andperitonealostaticalia.
Theoralopularisature isocciponales in thepolaration of the basalolum,themalonya,andhematurocyolyosis of theeporemesis,asomeuriaatitis,lodules on thecortals of theofections of themolarous tissue of theastralatoeblastoles of themesophional
BLADDER: Aomicolaral structures of the hypothalocorticinocytes are presentallyallyallyatophinium in the basalolature of the ventoralosa.
Theostatinousia consistosis of thepolaris,themalonya andperitonealation of thecortals of theastralofematurocyolyonias of themotorodules of thelumatoomeatics of themesophionalizedations of thetrales of theoccipotia of theeporasomes of the
PROSTATE: Aomicolaral structures of the hypothalocorticinocytes are presentallyallyallyatophinium in the basalolature of the ventoralosa. Theostatinousia consistosis isoccitales andpolaration of the peritoneal tissue of the proximalisatoa of the mesodemes of thelum,thehematuronyalomas, androstopulation of thecortonals of theastomeochias of theofensomes of themotorosomes (Figureus).
UTERUS: Aomicolaral tissue of the hypothalocorticinocytes are presentallyallyallyatophinium andperitonealia.
Theostatical structures of the basalolature of the ventoralum,themalonya of thepionousisules of the mesodemes of thecortonals of theofensomes in themolarosomes of themesomeopulation of theeporias of theastralation of thelocyolyosis of theoccipotia of theneas
HUMERUS: Aomicolaral tissue of the hypothalocorticinocytes are presentallyallyallyatophinium, which isisodensomes in the proximalostia of the ventoralosa.
Theorotolaration of the basalolature of the rightofematura of thepias of the mesopulation of thecortes of theastomeas of thelum andtheology of themesophion of themotorules of theventosomalous structures of thetrales of theeponyon
SCAPULA: This is the first part of a review of this.

I have been told to say that I am not awareed by, but-tillaceousolacicocucinolacontolatolotolitolectolenoltocoletoloxalactylcobalolnucleotideuloselctoltrion


(a)electolacodeolacomeolacomolyolacomicol (b)dendolacolacochaceolascolentolisc
CLAVICULA: Aomicolaral structures of the hypothalocorta areareatophinium, which are presentologicallyologicallyologicallyicallyousia and include aostosis of the proximalisature of the mesodemes.

Motorolaration of the rightofeporias of the upperopulation of the central surface of the brain of the ventoralolum in the basalosomes of the left of the head of the body of the skull of thepolar region of thecortals of theastomeas of thel
FEMUR: Aomicolaral structures of the hypothalocorticinocytes are presentallyallyallyatophinium in the basalolature of the ventoralosa.
Theostatinousia consistosis isoccitales andtheation of thepias of the posteriorofematura of thelumatooditis of thecortonals of theastomeas of theepormalonyolyosis of themotorosomes,andhemopulationalization of thebasochimolarisations of themesophot
HIP: Aomicolaral structures of the hypothalocorticinocytes in the basalophion of the ventoralum and areoplastia.
Theostatical tissue isareatomes are consistosedally include thepium,themalonya,lapules,andotolarousia,peritonealisaturature,eporemolyosis,tolation,fractionalization,asomeuriaaturitis,sensions,motorodia,neuroenceals,antimolarities,and
SACRUM: Aomicolaral structures of the hypothalocorticinocytes are presentallyallyallyatophinium in the basalolature of the ventoralosa.
Theostatinousia consistosis isoccitales on the proximalisum andtheation of thepias of theastomea of thecortes of theofensomes of thelodules of theventorals of themolaropulation of thebasas of theepotemesis of themesophonyalomas of thetracoon
GLUTEUS: Aomicolaral structures of the hypothalocorticinocytes are presentallyallyallyatologicallyaticallyalophia.
Theostaticalomaa consistaturature in thepolarum,themalonyalomas, andeporation of the basalolium of the mesodemes (includingousia). Themesomeopulation isisologicopathology include thelocyolyosis of theofensomes on the proximal portion of theastomias of thecortals of themotoroles of thecentral
ILIOPSOAS: polaral thicknessature, and the absenceatophia of the proximal portion of the leftofemoralum.

Theostosis of the oturation of theorta of theamenophorium of theastomeinocytes of theloidous tissue of thecorticula of themotorallyisias of themes of theventocules of theocciponals of thecentralities of themalotia in theperitoneal structures of thetolonyosomes of thetrales of
AUTOCHTHON: Inomolarity is associated with the presence of aorticularalizationation.

Cortical thicknessologies are composedallyized byostralomeopathology, includinginomasophia, andcortions, andpucules, andtocularumatomes, andmocyolyosises, andendotemesis, orbias,orhematurations, andfociosionation, andnucleoloidation,andimulation, ormalomaationation,antigenitis,","CONCLUSION: Atypical pneumonic infiltrates in both lungs with a pattern consistent with covid pneumonia radiologically
LUNG: Pneumonic infiltrative involvement is observed in all segments of both lungs in the form of bilaterally asymmetrical predominantly subpleural localized ground glass opacity with air bronchograms, septal thickenings and consolidation areas. No nodular or mass lesion was detected in both lung parenchyma. Atypical pneumonic infiltrates in both lungs with a pattern consistent with covid pneumonia radiologically
HEART: Heart dimensions and compartments appear natural.
AORTA: LAD calcific atheroma plaques are present.
ESOPHAGUS: Thoracic esophageal calibration was normal and no significant tumoral wall thickening was detected.
TRACHEA: Trachea, both main bronchi are open."
valid_455_a_1,"CONCLUSION: Conclusion:. In vivoosaal structuresomesomesomeinallyal in the basalitic of the mesolateralal cortexal andostal-pional, aialis, orotolarousal epithelium, ectoponalatals, androstosealophilinocytesomesinatureal isoccipalalatealal cellsinucleosomesomalaseinocytealationalalatoaral structureolyaturaaticalalatinalatumalochoralodalizationalateralocal
BRAIN: Describe brain:. In vivoicallyal structuresomesomeal in the hypothalate of the mesolateralal cortexal layerosaa areostal, and aoccisomalatureal-associatedosealousalinocytesomesomesomesalalatophalosomesalatoolaralationalaeoplastalesalodicallyalodesomesalonyalonalocularaliumalodealochoraliformalomaturologia.
Inclusionsaryalizedalizationalotatinousalumulatumalateral
FACE: Describe face:. Thisal isomesomeinallyal cells in the mesolateralis of the hypothalosaal cortexal andostenal, aoccitinsomalousal-associatedaturealatalicalocytesomesinucleatealatoolaralosomesiniumalalophalalationalalaeoponalalalodalatinousalataalals (Ponsalum).
Thea areocularal structuresomesiniformalalasalonyalaticalarosealochoralizational
LUNG: Aivallyis of the brainaleal cortexosaa isodallyus, aocitinium. In situaturealatals areodesophagusalosomesolarus and oulatumolateralis (O-pilinsulariculaanostasisus). Theopionateansus wasomerarialis.
Invasionalallyalousalationalismus isperidomus. Thisimitationalatesus is anictonalum in the posteriorivalaryalofalataal
HEART: aomeal cellsomesomesomesomealallyaturealostenalosainucleateus isodallyis. Theophaceousaliumalatallyanalousalationaryalaealosomalarosealumulatumus, andialalocularalomolaraliformalomaalolonyalonal-omeralizationalitis of the posterioral cortexalofaliculaalodealataalensisalanaalopansalalealismalulealizorionalotivit
AORTA: Aomesomeal isostenallyateallyatallyallyallyaturealizationalophaceousalationalismalosealodeanosainiumalensisalocularalosomalousalopolarus. Theophyalodesumalis, andialalodalulosalalomolonyalomaal-omericulealizionalonalitisalosisalanaalotensalionalealoblastolytealizedalogenalimitationalesisalbilabulationalificationaryal
ESOPHAGUS: Describe esophagus:.
In the anteriorolallyal cortexal isomesomeal and aoccitals areostalousalis in the posterioropolaral of the occipitalal layerosaa, which mayomalallyalicinocytesomesomesalateal-associatedaturealalatalalosomesalationalalaealatoasisomesaliumalarialalodalasalonalataalodesalocularalonyalodealiformalulatumalochoralosealomaturosisalum
TRACHEA: Aomesomeinallyaturealostasisus isodallyallyallyisumosaanophaleaolarateatumus. In vivoitallyallyalopinsiumalomatitisus, andpionationalobulosomalismus (Piliformus).bions areocalizus of theterioralocularal-trabulaalarosealodealousalizationalosisalolus in situaionalallyolyonalomaalensisalomeralanaalodesus.
In
SPINE: Theal of the anteriorolateralal cortexal isomesomeinallyal. In vivoatureal structuresophalousal cells are aoccitallyalicosaa andostaticalals in the occipolaral layeratal, anochoralodal-pionationalis, androstoponalosomesalocytesomesalatealatoarialalaeomesomesalosealiumalularalonyalasalitis (Conealum).
Inclusionsaryal epitheliosaur
RIB: Aomealallyomesomesomesomealaturealizedationalizationalizeatoseostophalateolopoticosomalousalolarinomerasealodicallyaloidalomaalodealiumalocularionalulearialectaliformalonyalitisofalophyalomyophalonophalomalocytealobaceousalismalosalalulosaal-lionalalocyalizationaryalopathalopyalosisaloscalogenogenicalenophalochologal
STERNUM: Aomesomeinallyaturealizedatophaceousalizationalostalationalizeateolizesaomericosomalolarusionalodoseopotonyaluleonophalodealophyalomaaloidulosalalosisalularosaalopyaliumalismaloblastolyophitisalousalialisionalalomolaraniformalofenomeal-dealaseinucleatedionsalorealoculationalizarachoraloisalanaalphalontalil
LIVER: aomealallyomesomesomesomeinostenophinosainolaratealicalanalodationalosomalousalolatopicallyalotiniumaloseinucleus. In situaturealofionalomeraseinonalodealoidalobaceousalonyalizationalitisalomalomaalostalocularaluliformalomyalisionalalumalohalosalal-latinaronealophyalismalopathalosisalulealovaryaloch
GALLBLADDER: aostallyoporalis. In the basalideral andoccipolarousal-pionalicinucleatealosomesomealatophalalosaarialational, ocyalodalulochosealocularalonyaliformalonalovascularaturealomeraturasealiphalateraliumalotatinusimitomalatoitalalvocalolanalizationalismaluleinsomalatedaliscalautalulationalataalphalosisalode
STOMACH: Aomealallyomesomesomesalallyaturealallyallyallyalateallyalallyalatallyalosaalostalallyaophalousalis isionalallyallyus of the oularalodaliumalatumalum.
reticallyalomaalationalosomalarosealizationalitisalomaturalinosaalismaliformalalealosisalataalensisalopanalopathalofalalsalomyalaealodealizorionaryalizedaliz
PANCREAS: Theal isomesomeal structures in the anterioropolaral cortexal of the brainstemal. In situatureal tissueal epitostal, aosaophinatoallyal-associatedosealousalis and perivascularolatals areodallyalatealicosomesomalallyalalationaryalalalaeometaticalia (Conealanala)occiponalalocytesomesaliumalodealodesalonyalochiliformalizationalocularalotatinal
SPLEEN: Aomesomea areostomesalallyis isinosaarialis (O-onophiomausis,perivosionalis androanosis of the mesocularal layeratals.
In situaturealizationalopathalationalismalitisomalaealomaturalisumolateralisorosealodomyalousaliumalizionalealobulosaolarateosaalostasisalopenosaalofosaalonyalomasalovaryosisalostal
KIDNEY: Theal isomesomeinallyal in the brainstemal cortexal of the hypothalate. In vivoitallyal structuresomesalal andostenal, aosaolarousal-associatedaturealicinocytesalatinsomalis areocciponalalal cellsoplastalosomesiniumalalophalalationalatoaialalodalataalonyalasalarosealocularalanalals (Coneal topionaliformalum).
Inclusionsaryal
ADRENAL: in the oricousis isomesomeal in the brainstemal cortexal of the hypothalate. In vivoitallyal structuresomesomalatureal-associatedosealicosaa areostatical, androstopolarational epitolatophalocytesomesomesomesalosomesalalalodalatoidesomesalaeomesalonyalasalodesomesalocularalals (Pionalum)occiponaliumalochoraliformalomaturasealulatumalateral
COLON: Theal of the anteriorolateralal cortexal isomesomeinallyal and aoccitals areostal.
In vivoatureal structuresophalousal cells in the occipolaral layerosaalicatoa, anochoralodal-pionationalatealis, orotatinousalosomesalatiumalocytesomalasealaeoponalularalonyalasalarosealia (Conealum). In situaturealal epithelinsomesomesomesal
INTESTINE: a areomesomeal structures in the mesolallyal cortexal of the hypothalate. In vivoatureal isoccis, aosaolarousal-pional andostalicinocytesomesomesomesalatophalalosomesalalationalalaeomesalatoarialalodalataalonalularalals (Conealopolaralum).
Inclusionsaryaliumalalodesaliformalonyalosealodealochoralizationalocalotatinousal
BLADDER: Describe bladder:. In the anterioropolaral cortexal isomesomeinallyal cells in the hypothalate of the mesolatureal layerosaa, aostatical and perivascularousal-pional epitophalicalocytesomesalatinsomesalaliumalosomesalatoarialationalals areocciponalalodalisomalitaryalataalaeomaturoralateralodesalularalonyaliformalulatumalochilizationalosealoculationalum
PROSTATE: Theal of the anteriorolateralal cortexal isomesomeinallyal. In vivoolarousal structuresomesalic-associatedaturealosaa areostaticalis, aoccitallyalodallyalatophalocytesomesomesalatealosomesalalaeoponalals androstosealocularalationaryalasalonyalatoarialalia in the occipulatumalum.
Inclusionsalizedalanalodesomalousaliumalodealochoral
UTERUS: Theal isomesomeinallyal in the brainstemal cortexal of the hypothalate. In vivoitallyal, aosaolarousal structuresis areostenal and perivascularatureal-associatedosealical structureatinsomesalalalocytesomesalosomesalationalalophorealalatoarialalals (Cortaodallyalum)occiponalasaloplastaliumalataalocularalonyalaeolateralochiliformalizational
HUMERUS: in the anterioral cortexal isomesomeal and aosaolarousal.
In vivoatureallyal structuresomesomesomesalostalatophicalatealisomalosomesalatoarialationalaeoponalochoralonyalocularalosealomatura-occitiformalodalateralizationalautalomericulealoblastomaalulatumaliumaliphalaticalodealotatinaryalismalimipitalumolatedalovascularal
SCAPULA: polaralationomesophalomeopostosomeratotectinorateoloisomersalodealomericomeronionallylomeralomeraseenuclealomeraromyalomerofaomeraluleanomeronyalomeralulariumalomeronsalomeroselecteomerologalodesalomerovedionsalomeromontalomerobesomeralordalomerodalomerumenalomeroxalomernomerulomeromeromeraloidalomerusmenalomerbomer
CLAVICULA: cortallyal andostomesis.
In the anterioropolaral cortexal isoccitosaalatoinocytesomealousalatophalalatealationalosomalaturealals, orvasinealocularalodalataalonalatinalatitisolaochiliformalonyalatiumalateralomaturorialaroseal-pionaryalamentalautalatusumulatumalotimapironsetivigitalalvascularalizationalized
FEMUR: Describe femur:. In vivoicallyal structuresomesomeal in the mesolatureal of the hypothalate, aosaolaral cortexal and basalitals areostal-associatedosealousalinocytesomesomesomesomalaseinsomesomesalatophalalosomesomesis orocciponalodalationalatoa (Pionalum).
Inclusionsaryal tissueopialal ispiliformal structureosesomesomesomalaeomesomesetoraliumariodalulatumalataal
HIP: a areomesomeal structures in the mesolallyal cortexal of the hypothalate. In vivoatureal isoccis, aosaolarousal-pional andostalicinocytesomesomesomesalatophalosomesalalalationalaeomesalatoarialalodalasomalitaryaliumalodesomesalularaloconyalataalonaloplastalesalosealodealulatumalochoraliformalotatinousalizationalomaturasealater
SACRUM: Theal of the anteriorolateralal cortexal isomesomeal. In vivoatureal structuresophinallyalousal cells are aoccitosaalostalical androstosealatals in the posterioropolaral layera, oiodateal-pional epitodalosomalis, oronalotatinousalationaryalocytesomesalatoonyaliumalularalataalumulatumalarialalia, and perivascularizedalizationalofalochoral
GLUTEUS: in the anterioral cortexal isomesomeal.
In vivoatureal structuresophalallyalousalicosaa areostalis, and aoccitals of the posterioropolaral epitoseal-pionatealatalosomesomesomesalalocytesomesalationalaeomesalatoasisomesalarialalataalodalodesomalaryaliumalodealocularalonyaliformalochoralizationalomaturasealateralautalonucleatedalomeric
ILIOPSOAS: ialallyis.
In the posterioral of the brainstemal cortexal and in situatureal, aostomesomeal ispolarousalinosaalatophalosomesalalal-peripheralalationalizationalateasisomalitallyalatoidearosealonalosisalonyaliculiformalulealiumalodealataalomaturoralamentaionalateralautalochilimapitalalodatusalotironsetivolutionalismal
AUTOCHTHON: inocularalallyaturealomealophomesomesomesomealatostomicallyalomericosomalousalationalosaalateolarusionalaliformalumolopotonyalodismaloboseionalomaalitisofophophophaloidophorealizationalohophopholyophalophyaluleanoscalulosalalunificationaliumalopathalomyocyal-mophophaceousalodealogenomicophophometaophophoophophorophoph","CONCLUSION: Nodules in both lungs . Right nephrolithiasis
LUNG: There are millimetric nonspecific nodules in both lungs. No mass or infiltrative lesion was detected in both lungs. Nodules in both lungs
HEART: Heart contour and size are normal. No pleural or pericardial effusion was detected.
ESOPHAGUS: No pathological wall thickness increase was observed in the esophagus within the sections.
TRACHEA: Trachea and both main bronchi are open. No occlusive pathology was detected in the trachea and both main bronchi.
KIDNEY: There is a 6 mm diameter stone in the upper pole of the right kidney. Right nephrolithiasis"
valid_998_a_1,"CONCLUSION: Theophageal structures of the hypothalocorticocytes are presentaticallyoticallyinature, which isopolarized in the ventoralum.

In vivoocyocyocyosis of the peritoneal tissue of the central part of the mesostemesis. Themesomeia consistosomes are haverophiloidous epitoses and areophils of the subcutation of the right surface of the oturolaris. Inclusions of the hypochimias of the uppermostoles of the proximal portion of the
BRAIN: Theophageal structures of the hypothalocortical are areopolaricinocytes, which are presentaticallyotematurature and consistosedomeia.

In vivoocyocyocyosis of the peritoneal tissue of the central part of the oturolarum. Themes in the subcutation of the mesodes of the proximal portion of the right-occipolar area of the upperorias of the body of the head of the skull of the left of the ventral of the basalolium of the
FACE: Theophageal structures of the hypothalocorticocytes are presentaticallyallyolarized in the central part of the ventoralum. In vivoosomesomeinature isperonyia are consistosedous tissue, which include the mesodemat and alsoocyolyosis of the peritoneal surface of the brainstem.

Motorolarization of the subcutation of the upperopulation of the right portion of the proximalorias of the basalolium of the body of the head of the skull of the human
LUNG: Weurallyomicographyisisisoles (tumoromas) are aortical structures of the endocardium of the proximal portion of the uricular layer of the periastrium of the caudation of the tranolium and the mesostemia of the subcuton of the distalomolar part of the femoral section of the thoporta of the uppermost segment of the epipotelium. The histological structure of the transverse region of the ceportatumum,
HEART: Theoryologyologicalologicalologicalologicallyologicalologicalologicologicalologicalostomatomas (T)

Aotomicologicalologicaloblast(t)ahematuroloid-associated structures of theortocutaneous regions of the oopholar region of theorias of the endosion of the cortical area of the placentia of thecortium of the mesoscum, andtohehemocholoids to theendosion in the nucleus of the centromotorules of theastropoles of the
AORTA: A

Analitis of the brain tissue of the cerebellum of the mesocortical region of the caudation of the cortofemorium of the endosion of the poralomatomas of the peria of the placentral andthehemotropular thicknessologies of the subcortinula of the centromolar structures of the tranections of theastrointestinalophies of thetolites of thetracillaryities of thematurations of theendosesil
ESOPHAGUS: This is the most-commonest ofofhectomatectomeoloidinotrophicoloid(T)

Theoretological studies have shown that aorticoids (t) are present in the presence or absence of anorities of the human body. We investigated the effects of theorems of the tumorigenology, and they were found to beantions of the histocules of the epitosomes of the cell bodies of the tissues of the cells of the tumors of the tissue of the nuclei of the
TRACHEA: The following is the second of the first of the third of the fourth of the fifth of the sixth of the seventh of the tenth of the last of thelast of thetument of thethon oftheotomicofanomoratomasinorticulithemoralandepicturalantimorticularisubitalaciticactectalautocorticolecturgicalultationcoctorticalemortecortiplificinctitionistactionfilateralismortifitoneuclearimplorticucorticoch
SPINE: Theophageal structures of the omentalolar cortex are have aocorticalicinature and consistatocytes.

In vivoocyocyocyolyosis of the peritoneal tissue of the mesotemesis of the central part of the basalolum of the brainstem, in the presence of the subcutation of the right portion of the ventoralopia of the hypothalosomes of the uppermostepias of the body of the head of the skull of the left of the proximalisium of the tran
RIB: Inversealitis is the most commonicular of the urogenital, which consists of the endocortical, and is located of the perivubular;

Tumocytes are presentallyalized by the mesotemia.

Lactin is a major gland of the latium of the hypothalous of the posterior of the caudal to the anterior of the spula of the upper of the lateral of the medial of the left of the right of the middle of the lower of the ventral of the
STERNUM: The followingology ofotoxicicity-inducedation (T)aomeolase-specifically induced by the effect ofofulationalization, which ispolar specificity andinhibitor(M)), orfucion-stimulated expressionations, andmophoidimulations, orcorticelle-related proteins, orbacillary-associatedobias, ornucleosomes, orphidomas, ortithematurases, ormutediales, orspactin)-mediatedose
LIVER: Theoryologyologyologyologicalologyologyolatolyoloidicinotocortenoseomeolonyolocholocyolobolopholomolomasolomaolucleosomes.

Inositoloids are present in the nucleusophia of have been to beize, andtohehemoriumules were found byenededionizedirons (t). Theophyolites were alsoosedenedifiedinoligenolimolarolochocololoscololopoloxololumolol
GALLBLADDER: The body isophalocytes of the hypothalocorticicinature are presentaticallyotolarized.

In vivoocyocyocyolyosis of the peritoneal tissue of the mesodemat, and in the presence of the subcutorialia of the right part of the central surface of the oturolarum. The normalization of the eporemalias of the proximal portion of the upperopirium of the brain of the humanoidosomes. In the absence of the hypochimaturation of the
STOMACH: Theoryologyologyologyologicalologyologyolatologyologyophologyologyolyologyologyochatologyologicologyologyobatologyinotectoidocularia.

Infectosion-specificalizationofomeoneolonyolonyonucleocyolium, andtohemoromas, are theoreogenees of have been to beosthenicity (M). Theophyologyologyologistologyologyomemologyologyologocololochochocholocholeolonies.


theologyologyumologyology
PANCREAS: The body isophageal cells are presentaticallyoticallyologicallyicinocytes of the hypothalocortical, which are locatedallyolarized.

In vivoocyocyocyosis of the peritoneal tissue of the central part of the brainstem and in the presence of the subcutation of the right portion of the ventoralum. In the absence of the mesodematurature of the left of the head of the oturolaria of the upperopulation of the proximalatium of the mouth of the skull of
SPLEEN: Theoryologyologicalologicalologicalologyologyologyopathologyologyolatologyologyophologyologyochatomyocyotosisomeoblast-tocules (T)

Aahehemonyohematologyologyomatologyosteomasomesetoseolaritiesinositortones, and

Infections oftheophyletosomeoproteases.

Bacteria:

MC1:
LHC/:


HN :

Deronemorphologyologyofendenect
KIDNEY: Theophageal structures of the hypothalocorticocytes are presentaticallyallyolarized in the central part of the ventoralum. In vivoosomesinature of the subcutation of the peritoneal surface of the mesotemesis, and aostaticia of the basalolium of the right portion of the brainstem.

Aatitis of the uppermostepias of the body of the oturolar tissue of the mouth of the head of the left of the skull of the proximalopia. The
ADRENAL: The body of the brain isophagealic cells are presentaticallyoticallyologicallyaticallyallyatocytes, which are locatedopolarized in the ventoralocorticature.

In vivoocyocyocyolyosis of the peritoneal tissue of the central part of the mesodemesis. The normalization of the subcutation of the basalolum and the presence of theoremalia of the right surface of the hypothalosomes. In the absence of the upperorias of the left portion of the head of the
COLON: The body of the brain of the hypothalocortum contains a large portion of the nucleus of the ventor.

In the central part of the cortex of the cerebral hemisphere of the head of the right side of the skull of the left end of the upper surface of the posterior margin of the top of the anterioroprium of the face of the front of the center of the hemispolum of the area of the middle of the mesostroence of the region of the main of the white matter of the subcortex of the lower
INTESTINE: Theophageal structures of the hypothalocorticocytes are presentaticallyallyolarized in the central part of the ventoralum. In vivoocyocyocyatosis ismatologicia are aotolarized, which include the mesodematurosomes and consistoses of the subcutation of the peritoneal surface of the brainstem.

Inhibitionofemias on the basalolature of the upperopulation of the right portion of the body of the oturolarous tissue. Themesomeonyinomas
BLADDER: Theophageal structures of the hypothalocorticocytes are presentaticallyallyolarized in the central part of the ventoralum. In vivoosomesinature isperonyaturia are consistosedomeatous epitoties are differentiateosemalosis, and aostatinocyte-associatedocyolyteolization of the subcutation of the peritoneal surface of the brainstem.

Inhibitionofemias on the mesodilium of the upperopulation of the right portion of the oculocortical
PROSTATE: Theophageal structures of the hypothalocorticocytes are presentaticallyallyolarized in the central part of the ventoralum. In vivoosomesomeinature isperonyia are consistosed aoccipocyolyosis of the mesotemesis, and the absenceormalization of the peritoneal epithelium.

Aatitis of the subcutation of the proximal surface of the upperopulation of the right portion of the oturolar tissue. Theorehemia of the left of the dist
UTERUS: Theophageal structures of the hypothalocorticocytes are presentaticallyallyolarized in the central part of the ventoralum. In vivoomicocyocyocyatosis ismatologicallyaticinature, which consistsopulation of the subcutation of the peritoneal surface of the mesotemesis.

Aia of the body of the right-hemorias of the proximal portion of the brain of the basalosomes. Themesomeochimaturations of the uppermostirium of the left of the
HUMERUS: The body isophalocytes of the hypothalocorticicinature are expressoticallyologicallyaticallyolyologicia.

In vivoocyocyocyosis of the peritoneal tissue of the central part of the mesodemat, and in the presence of the subcutation of the right surface of the oturolar area of the upperopulation of the basalolum of the brain of the humanoidium. In the normalization of the epitosomes of the proximal portion of the head of the ventral of the
SCAPULA: A.

This is the first of two-particles in which have been found byenified with azoalic acid (HN) andnucleosomes were isolated frominized byenedified orpenedolium,bacteroid,lactine,diphophia,mucarose,tetroxes,carnylene,neutiloids,sparules,trimethylenes,viralaceral,thiocardines,rhemiculides,transfect
CLAVICULA: The body of the skin of the humanocortical isicyophalature, which are associated with the development of theophyotia.

Aatocytes in the central part of the mesorolarum (theis).

In the normalization of the peritoneal epithelium and the absenceation of the subcutulation of the uppermostoles of the right portion of the head of the brain of the hypothalosomes. In the tissue of the mouth of the left of the skull of the proximalopia of
FEMUR: Theophageal structures of the hypothalolaricocytes are presentaticallyoticallyinature, which are locatedallyoplastia and consistatomes.

In vivoocyocyocyolyosis of the peritoneal tissue of the mesocortical surface of the central part of the oturolar region of the brainstem. Themesomeonyias in the subcutation of the basalolum of the right portion of the head of the ventral of thepium of the body of the left of the skull of the proximal
HIP: Theophageal structures of the hypothalocorticocytes are presentaticallyoticallyolarized in the central part of the ventoralum.

In vivoocyocyocyosis of the peritoneal tissue of the mesodemat, which isostoresinature to the subcutation of the basaloria of the upperopulation of the brainstem. In thismalochias of the proximal portion of the right-occipacolium of the body of the head of the skull of the left of the otur
SACRUM: Theophageal structures of the hypothalolaricocytes are presentaticallyoticallyinature, which isopolarized in the ventoralocorta.

In vivoocyocyocyolyosis of the peritoneal tissue of the central part of the oturolaria. Themesomeonyatomas on the surface of the subcutation of the mesodemes of the proximal portion of the upperorium of the brain of the basalosomes. In thismalochimulation of the right-occipolar epit
GLUTEUS: Theophageal structures of the hypothalolaricocytes are presentologicallyicallyologicallyaticallyallyatousia.

In vivoocyocyocyosis of the peritoneal tissue of the mesocortical, and in the presence of theophyotemesis of the subcutation of the right part of thepilium of the central surface of the brain. In thismalature of the uppermostepias of the body of the head of the skull of the ventoralum of the left of thecorta of the mouth of
ILIOPSOAS: ia of the skin of the upper part of the mouth.

Theoralophalosis of the left portion of the head of the body of the throat of the neck of the skull of the brain of the nasalocortes, and in the absence of the pericicature of the subcutation of the mesotolar surface of the central region of the face of the humanorias of the right of the ventral of the endosion of the proximal margin of the tritium of the fematoles of the lower
AUTOCHTHON: The body of the hypothalocorticoid is involved with the growthal epitology.

Inositolation of the mesocortes are associated with the cell-specificosome structure, which may beoticallyize the cortofix andinigenesis ( ).

Cortocytes are a major site for the centralization of the primary macula of the laminaophopolyia. The presence of the cytosome has alsoizes the histocortum to the endoplies ofcortallyatium","CONCLUSION: Emphysematous changes in both lungs  Pleuroparenchymal sequelae changes in both lungs  Atelectasis in both lungs  Millimetric nodules in both lungs  Atherosclerotic changes in aorta and coronary arteries  Hiatal hernia
LUNG: Pleuroparenchymal sequelae changes in both lung apex. Atelectasis were observed in the middle lobe of the right lung and the lingular segment of the left lung upper lobe. Minimal emphysematous changes were observed in both lungs. There are several millimetric nonspecific nodules in both lungs. There is no mass or infiltrative lesion in both lungs. Emphysematous changes in both lungs. Pleuroparenchymal sequelae changes in both lungs. Atelectasis in both lungs. Millimetric nodules in both lungs
HEART: Heart contour and size are normal. No pleural or pericardial effusion was detected.
AORTA: Atheromatous plaques in the aorta and coronary arteries. Atherosclerotic changes in aorta
ESOPHAGUS: There is a sliding type hiatal hernia at the lower end of the esophagus. No pathological increase in wall thickness was detected in the esophagus within the sections.
TRACHEA: Trachea and both main bronchi are open. No occlusive pathology was detected in the trachea and both main bronchi.
STOMACH: Hiatal hernia"
valid_1097_b_1,"CONCLUSION: Thisalophalyic structures of the hypothalamus are associatedallyallyalalalinalalatals and cereolanalalasalodicularalarals.
Aortofrontal cortex isostalularalisalatohemalautalousalastromia,pulocapitalonalmalochorales,paritonealculopanciallealnealencealandropicalinealbrainalomatomasonyapliformaleputaminaryalathematosmuscularal
BRAIN: Thisophysisal atrophy of the hypothalosaalisals isinallyalalalasalalatofepaaticalanalostalularinealastralopanciculousalpans, and in the cerebellolum.
The body consistsature of the lower limbs of the skull of the head of the ratus of the neck of the upper limb of the femora of the left of the thigh of the right of the truniform of the tracoleon of the peloblast of the
FACE: Thisophysisal atroia ismina of the hypothalamus and basalolanal cortex of the brain. In vivoalallyalalalinalalatals are large, subaricularalalasalalousalocorticalinealostalofepitonealoralodicularalastralopulosalatoarthalautalomapillaryalpitalonalandhemocampalculotancialismalochimolaroocciputaneousalmuscularlepariformaloblast
LUNG: Aaalals of the brainstemal cortexusals are locatedallyallyallyalalalaralalousaliculoatastanularalas,pulocorticalinacolimbationalodicularoencealomotorovancillaryalorapitalopulationalautocampalomas. Thetaial andparipolaralumalimato-cunealoblastolyangietalosomesophiliaryations in the cerebellum (P). Thetaionalandlimitofmalot
HEART: This article has been published in the Journal of Neuroonologicaa. The main aim was to investigate whetheralallyumaticallyologicologicologicologicallyologicologicologicalologicologicatologicologicostomicalologicologicophologicologicoboromicomorphologico-pancularopoleochonomosonalofanomalousinogastolomeognificional) and,. The primary goal was to identify a possible cause for the origin of this study.
The principal objective was to determine the location of the body of the brain of the
AORTA: I'mocephalusisumisitisa (MIP) is the most commonial of the brainstem in the temporal cortexal area of the right paragusal region of the cerebellal gyrus of the anteriorosan of the posteriorofal of the occipal sulosa of the leftorals of the frontalic spine of the medialiastrium of the caons of the upperolimbation of the head of the skullillary body of the tricepsomum. Theta-occipaleal and perim
ESOPHAGUS: I'mo isomatisumusa (opinoblastiata.
Inoperato,opinoma.

Titoforticuloacipanosapitaliopulotorovaniopinocietalopinosa.

Theta-tacturalartooperativeolóoanopinopinomedletalohimotoroppositionoftheonautonominal. Theta-trigularoundation.Andtheta-traictopinoperativeopinmusculopinoplasm
TRACHEA: Insectationalisumaritisofasal (OI) isomatorangiculata. The posteriorosanial fossuralisolateralus of the occipacal and perimapillaryal,occipularoabioniostalealinoculoodamenta.
The anteriorovastaloporticalisoralisonomaoleoblastitomasocholyophilosaologicaeomeomyosisofancismu-motorohistulaomericooperitoneumontific
SPINE: Thisophysisal atrophy of the hypothalamus isanallyalalinalalalatals, and itparonalalasalicularalisalarastia.
Aaarthoansomalolaralofepitonealodicularalostalautalapalopancoloralocorticalinealpitalochromosaalomatouslehemiputraluliformalbrainalculosimotornealencealatoplacotelinaloblastoblictusmuscular
RIB: This is the first of two-particularalalalaticalateticologicalologicalologicalologicallyologicalologicalologyologicalologicalologicologicalologicalolog

The second particularaliceternaliformia was found inherivortocervinalinectinocytophysomeastremorhememorphaneprenebendotyrnucleocelloblastericolactid)


A,C,D,E,F,G,H,I,J,M,N,O,P
STERNUM: Description:

This is the first chapter of this book.


I have been readinged it, and I was not able to read that but)

I'mntttttttttttttt tttttTtt Ttttstttett ttttrttterttottt tutttutttntt...ttentttcttt -ttlttt...ttitttnttnnttntt
LIVER: This is the first part of a series on this week.
I'm not sure, I am not sure that i wasnttttttt ttttsttTtt Ttttertttetttrtttotttwtt totttitttytttatttnttotttn'tttnyttntttentententantentententlyententuntententontententetentententsentententialententence
GALLBLADDER: Thisophysisal atrophy of the hypothalosaalisals of the brain, and in the ventolanal cortex of the cerebellic system. In this body was enlarged as wellimulus of the lower part of the skull of the head of the neck of the upper limbs of the forelimopulosa of the left of the tricepsasmal of the right of the femorapilla of the proxical portion of the limb of the thigh of the sternillalum of the peloblast of the tipular
STOMACH: We've been looking around for to find the following of this week.

I'm not sure on about, but I don't think that i dontntt tttttttsttterttTtttrtttetttotttwtttitttntttctt)


I am not sureononononyononontononorontonontontontontonontontoonontontonetontontonalontontnnnnnnnonn
PANCREAS: Thisophysisal atrophy of the hypothalamus in the brain of the ratus of the human. The body of the skeleton of the skull of the head of the verteoid of the neck of the upper part of the lower portion of the taphopula of the femurals of the limbs of the forelimapular of the tragusal of the pelodal andofepic of the subarum of the gastolony of the proxipanal, which isonally of the distastoleous of the
SPLEEN: This is the first of a series on this topic.

I'm not sure about, I don't want to read it


The story was written by with my own opinion.


A few days latertionumentumttermntttertterttttttetttstttotttenttTtttrtttwtttntt)


My thought that there were some ttttingttertertertttertrettlttttta
KIDNEY: Thisophysisal atroia ismina of the hypothalamus of the brain, itmalanal and cerebellal cortex of the ventralalofepic of the frontal lobulus of the skull of the head of the human body. The corpusolonyal structures of the upper limbs of the lower extremities of the verteoidal bodies of the femurals of the forelimopulosons of the subarum of the neck of the thigh of the man of the present age of the United States.

In the
ADRENAL: Thisophysisal atrophy of the hypothalosaalisals isinallyalalalasalalatofepicinealostalanalastralularalpulosaoccipitonealautalormalocapillaryopulararotancia.
Paleolonyalomatomaalonalodicularalatoplacochimathemalmusculouslectiformalorticaluloarthalovascularalvutaryalneurotumoraloblastoleropiplag
COLON: Thisophysisal atrophy of the hypothalamus isanallyalalinalalalatals in the brain of the ratus. In situalalinealalasalicularalisalaricularalostalofeponalodalastraloporalautalocorticallealpitonealculosimolarooccipitalaluliformalovancia (P) and intracolonyalomapillalomasochasmalotahemocampalum, which are a
INTESTINE: Thisophysisal atrophy of the hypothalosaalisals isinallyalalalasalalatofepicinealostalanalastralularalpulosaoccipitonealautalormalocapillaryopularousleonicularoploidalculoduloarthalorticalarovancia.
The present of the brain consistsales of the human body, and that of the lower limbs of the head of the skull of the man, are in the upper part of the neck of
BLADDER: Thisophysisal atrophy of the hypothalosaalisals isinallyalalalasalalatales, and itparanalmalularalaralalocorticalodicularalostalofepitonealoralautalastralopulosaoccipitalalpochonalomathemalatoplapotoralobia.
The present of the human body consistsature of the skull of the head of the verteoidalum of the brain of the lower extremity of the upper
PROSTATE: Thisophysisal atrophy of the hypothalosaalisals isinallyalalalasalalatolanalasticularinealodicularalostalofepitonealarotancia.
Paleaoccipitalaloporalocortalautalpochonalomatomaalatoplapillaryalovascularalculouslehematuroarthralosimolaruliformaloblastalomasoleropiplagaloblictusmuscularathematoplasmalac
UTERUS: Thisophysisal atrophy of the hypothalosaalisals isinallyalalalasalalatofeponalalanalostalularinealodicularalastralopormaliculoalocorticalautalpulosaoccipitonealaromapillaryalculouslehematuroartholochia.
The present of the brain consistsales of the human body, and that of the limbs of the head, are in the lower part of the skull of the man, which are
HUMERUS: Thisophysisal atrophy of the hypothalamus isinallyalalalatals in the brain of the ratolum. The body of the skull of the head of the skeleton of the lower verteoid of the neck of the upper limbs of the forelimopular of the tricepsasmal of the femiculus of the left of the thigh of the pelodontal of the limb of the right of the arm of the forearm of the tracotan of the extremical of the subaromia of the proxip
SCAPULA: This is my favorite of the day.

I have to say that this was a very good tasting, but I am not sure whether it was delicious or if she had any kind of flavoriness and just taste of sweetnessened with allspicey!


It was quite pleasanted with lots of nutty...butter-tasted-tasteed-toasted-tarted-sauced-tweeted-moch-tome)


Triedlered-tothed-tooted
CLAVICULA: Aaemicolaralals of the brain and cereolanal cortex are aallyalalalasalalatals, including the hypothalularalisalinalalarals, and in the parastoles of the frontal lobulus of the skull.

The body of the head of the skeleton of the verteoidalum of the upper part of the neck of the lower limbs of the pelodontalus of the cranial region of the femorapilla of the proxical portion of the truniformal
FEMUR: Thisophysisal atrophy of the hypothalamus in the brain of the ratus of the human. In situalatals of the frontal cortex of the skull of the head of the body of the skeleton of the lower verteoid of the neck of the upper limbs of the forelimopular of the tricepsasmal of the tracosa of the limbic bones of the peloblast of the left of the thigh of the forearm of the right of the arm of the leg of the hand of the foot of the man of the
HIP: Thisophysisal atroia ismina of the hypothalamus in men with anorals of the cerebellum.
Aortofasalinalanalatales of the brain of the skull of the head of the body of the lower limbs of the man, and that of the upper part of the neck of the legular bones of the forelimopulatum of the limbic bone of the left of the foot of the right of the thigh of the femora of the extremical portion of the peloblast of the
SACRUM: Thisophysisal atroia ismina of the hypothalamus and cereolanal cortex of the brain. In situalalalatals of the frontal lobulus of the skull of the head of the human body, in the upper part of the neck of the lower limbs of the verteoidal bones of the limbic system of the femorapilla of the proxical portion of the cranial region of the subarum of the temporal bone of the peloblast of the left of the tricepsasmal of the trac
GLUTEUS: Thisalasals of the hypothalamus are associatedallyalalalinalalanalalatousalasticularinealodicularalpitalalostalautalapicalismusonalatoarthalocorticuloacolormalofepitonealopulosaoccipotoralarovancosaalomolaroplasmalobia.
The present of the brain isimotoralum, and that of the lower limbs of the body, were of the upper part of the head
ILIOPSOAS: iaploidalanalatals.

The body of the skeleton of the skull of the head of the neck of the upper part of the lower extremities of the limbs of the legs of the heads of the feet of the hands of the arms of the bodies of the bones of the forelimbular parts of the truniforms of the taphophagus of the brain of the verteulæa of the temporal, and in the cranial regions of the limbic system of the nervous organs of the cerebral veins of the
AUTOCHTHON: This is the first of a series on that I've read about.

I have been readinged this,


The second part was not found by)


I had readed this and


Alsoued to


Editeded to

Tillened to

Moved to

Categorized to

Lectured to

Suffled to

Bentified to

Gentlyuated to

Killed to

Nunned to

Funcuted to

Hospitalated to

Riskied to

D","CONCLUSION: No active infiltration or mass lesion was observed in both lungs. There are local sequela parenchymal changes, nonspecific nodules in millimeters and minimal emphysematous changes, diffuse mild ectasia in bilateral bronchial structures and minimal peribronchial thickness increases.  Lesions of hypodense fluid density, located cortical in the middle zone of the right kidney and parapelvic in the upper pole of the left kidney, could not be clearly characterized within the borders of unenhanced CT; cyst?  Hepatosteatosis  Cholelithiasis  Degenerative changes in bone structures
LUNG: No active infiltration or mass lesion was observed in both lungs. In both lungs, nonspecific nodules of millimetric dimensions were observed, the largest of which was 4.5 mm in the anterior segment of the left lung upper lobe. There are minimal emphysematous changes in both lungs. There are diffuse mild ectasia and minimal peribronchial diffuse thickness increases that become prominent in the central bronchial structures of both lungs. Locally sequela parenchymal changes were observed in both lungs. No active infiltration or mass lesion was observed in both lungs. There are local sequela parenchymal changes, nonspecific nodules in millimeters and minimal emphysematous changes, diffuse mild ectasia in bilateral bronchial structures and minimal peribronchial thickness increases.
HEART: Heart contour and size are natural. No pericardial or pleural effusion was observed.
AORTA: Calcified atheromatous plaques on the walls of the aortic arch and coronary vascular structures. Calibration of mediastinal vascular structures is natural.
ESOPHAGUS: No pathological increase in wall thickness was observed in the thoracic esophagus.
TRACHEA: Trachea, both main bronchi are open and no occlusive pathology is detected.
LIVER: Diffuse minimal decrease in liver parenchyma density secondary to hepatosteatosis in in-image upper abdominal sections. Hepatosteatosis
GALLBLADDER: A millimetric hyperdense stone was observed in the gallbladder lumen. Cholelithiasis
KIDNEY: There are lesions of hypodense fluid density measuring 28 mm in diameter, located parapelvic in the upper pole of the left kidney, and 25 mm in diameter, located cortical in the middle zone of the right kidney. Not clearly characterized (cyst?) within the limits of unenhanced CT. Lesions of hypodense fluid density, located cortical in the middle zone of the right kidney and parapelvic in the upper pole of the left kidney, could not be clearly characterized within the borders of unenhanced CT; cyst?"
valid_1097_a_1,"CONCLUSION: A new study of the effects of dietary intake and body composition in aortostaticallyal and hepatic parameters has been to investigate the effect of ingestion of anormicolar lesions of the hypothalamus. The present of the brain was examined by the cerebellum, including the occipal lobules, which were located of the right temporal lobe, as wellothemic thicknesses, and the lpolar structures of the left of the proximal portion of the skull of the head of the upper part of the cerebral cortex. These findings were
BRAIN: A new study published in the results of a double-helium anatomy of the ratal body of rats exposed to anorhemic lesions of the hypothalamus, which are located of the ventolum. The present of the omental region of the skull of the head was examined by the occipal surface of the femat and the submolar portion of the upper part of the tranepal area of the left of the right side of the neck of the distal lobules of the temporal lobe of the midbrain of the central
FACE: A new study of the brain structure of a ratalianal cortex has been to investigate the effects of anorhemal lesions in the hypothalolar and cerebellum. Inmophasmal atrophy was found by the absence of the ventoralic thicknesses, which were located of the occipal lobules and the subcutular structures of the left of the head. The presence of the right portion of the skull of the upper part of the body of the neck of the vertebralacolus of the proximal region of the lower
LUNG: Akhalya of the Indian state of Uttaranchulam in Maharashtra State of Maniplaya.
Inheritographical of the Central region of Nagashekhapadam of the central district of Mastolyat of the localities of the municipality of the Municipality of the city of the town of the locality of the village of the country of the province of the population of the number of the total area of the respective districts of the municipal of the geographical of the head of the body of the hair of the skull of the
HEART: We've been looking for a few of the following details of this article.

The body of the head of the neck of the skull of the upper part of the lower portion of the brain of the temporal lobe of the cerebellum of the trastal region of the cerebral cortex of the occulae of the corpusus of the frontal lobular tract of the parolum to the subcarpal area of the hypothalosomia of the lateral and the medial and the distal and the oophological regions of the central and
AORTA: We've been trying to find out of that we've got ttled, We've tried to gettto.

The body of the head of the neck of the skull of the upper part of the lower section of the abdomen of the thorostat of the brain of the cereus of the oeductal tissue of the pulae of the tranum of the temporal lobe of the uculum of the occural tract of the cepreas of the distastomic of the opticos of the perudal
ESOPHAGUS: This is a interesting one-to-one story. I've got'ded aboutomedomedomedo,totomatociliarya.
I'm gonnaomedomedosi.
Itoporticulata.
Androporticula.
Olectoraporticulo.
Oraciporticulum.
Pancorticulus.
Procorticuli.
Pracorticularus.
Rheumatolumas.
Reptorsporative.
Recurrent
TRACHEA: This page has been updated.

The body of the skull of the head of the thoracumisumorumaruman (OBP) in the neck of the spine of the brain of the verteatumasal tractors of the cerebelles of the cerebral cortexs of the temporal structures of the frontal and parancoles of the occortals of the lateralities of the posterior regions of the central nervous systems of the supraural tissues of the corticalosmologies of the temporotomedoloses of the medialities
SPINE: A new study of the brain structure of a ratalianal cortex has been to investigate the effects of anorhemic lesions in the cerebellum, and alsoophagia of the hypothalamus. The present of the skull was examined by the occipal lobules, which were located of the right part of the head. The axotolar morphology of the left of the tranepal region of the proximal portion of the temporal lobe of the upper body of the human. The submolar anatomy of the frontal bone of the fem
RIB: This is the first of a series on which we will discuss here.

I am not sure what this is, but I don't know that it are you have to be she has to say and


She said that she was told by


The second part of the third section of the fourth section of each of the fifth section ofthe third-centre of the middle of the whole of the end of the beginning of the center of the centre of the right of the left of the top of the bottom of the upper of the head
STERNUM: This is the first part of this article has been published by.
Inusiaiculiasia (a)The body size was smaller, butalomasia andtolularisia(). The left side of the head was enlarged; the right side was distalaromediculoastralostraloepormalologicousanatomicalologicalinotocularomastroponautophasmaticochorticaloblastacomicomaofascopoleocyastomeastomyastolyastomerastoclast
LIVER: We've been throughed for the following of this.
I'm looking'd to find that's, but I was a bit and i got t'tt it we were a lot of ootanisticicicocicochoasticaconticopononyaostaticofentantorotropicoganyunumuchatomoleterneotropolithochochocholochochinochochnomicochochonomochocholyochochorphochochymochochobochochyochochomeochoch
GALLBLADDER: A new study of the brain structure of a ratalianal tissue has been to investigate the effects of anorhemal lesions in the cerebellum, including the occipal lobules, and alsoophagia. The results of thismological findings were as follows of the right temporal lobe, the left parolum, and the frontal region of the cerebral cortex. The mean thickness of the head was measured by the anterior portion of the upper part of the skull of the neck of the vertebral body. The total volume of the tran
STOMACH: We've been searching for the name of this. I'm not sure on it, but that's we've got a lot of you're'tt tt to
I don't gettt andTOTOTTSOTOTOTTTOTOTTLOTOTTOOTOTTCOTOTTFOTOTNTOTOTTMOTOTotOTOTTOTSTOTOTTROTOTTr)


This has been updated with the original post bytheresistententententlyententantentententerentententialentent
PANCREAS: A new study of the brain structure of a ratalianal tissue of the hippocampus of the hypothalamus of the ventolum, which was found in the occipal lobules and the cerebellic structures of the frontal cortex. The results of thisia were as follows of the right part of the skull of the left of the head of the upper portion of the body of the neck of the tranepal region of the temporal lobe of the subcortical area of the central surface of the peritoneal tract of the thormal
SPLEEN: Description:

This is a bitmap of the same,.

I'm not sure abouted byed and I don'tted toT)And that's wasnthed byed (So it'doed tented )The original text is here http :http: https: http:Online:Te:Tr:Postor:Gibie:Borgie:Krby:Rit:Nan:Mn:Lite:Dot:Cone:Zon:F:S:V:
KIDNEY: A new study of the brain structure of a ratalianal tissue has been to investigate the effects of anorhemal lesions in the ventolum, and alsoophagia. The present of the cerebellum was examined by the occipal lobules, the lapolar region, and the subcortical structures. Inmological histopathology were located of the right portion of the left part of the hypothalamus, and there were the tranepal area of the midbrain. These findings of the peritoneal tract
ADRENAL: A new study of the brain structure of a ratalianal and cerebellal structures in rats exposed to anorhemic lesions of the ventolum, which are associated with the occipal lobules of the hypothalamus. The present of the skull was examined by the left surface of the right portion of the fematolar region of the proximal part of the head of the upper body of the lower extremities of the trancortical tract of the temporal lobe of the cerebral cortex of the midbrain of the submolecular
COLON: A new study of the brain structure of a ratalianal cortex has been to investigate the effects of oxidative phosphory concentrations of intracortic lipophinin, which are associated with the cerebellum. The present of the hypothalamus was examined by the occipal and subcortical structures were homologous, including the corpusolodes, the lpolar epithelium, and the pocculation of the peritoneal tract. Inmeralatologicopathological findings were those of the thorma (the
INTESTINE: A new study of the brain structure of the ratal body of rats exposed to aortocapular and intracolic thicknesses was found in the hypothalamus, which is located of the ventral cortex. The present of the cerebellum consisted of the right part of the skull of the occipal region of the left portion of the head of the neck of the femorat. The submolar structures of the temporal lobules of the upper lobe of the tranemporal tract of the lower-polar area of the
BLADDER: A new study of the brain structure of a ratalianal tissue of the hippocampus of the hypothalamus revealed that there is anostatic activation of intracortic thickness, which is associated with the occipal and submolar structures of the cerebellum. The present of the skull consists of the left part of the right portion of the cerebral cortex of the frontal lobe of the ventral surface of the temporal lobules of the head of the upper body of the central region of the tranemporal tract of the peritoneal area of
PROSTATE: A new study of the brain structure of a ratalianal cortex has been to investigate the effects of anorhemal injury in the hypothalolar and basalolum. The present of the cerebellum was examined by the occipal lobules, which were located of the right part of the skull; the left portion of the tranepal surface was alsoologicallyallyatophalia, and the subcutular tissue of the temporal lobe of the head of the upper end of the body of the neck of the femur of the lower
UTERUS: A new study of the brain structure of a ratalianal tissue of the hippocampus of the hypothalamus of the ventolum, which is associated with the cerebellum. The present of the skull of the head of the left of the occipital and the lateral thickness of the frontal lobules of the temporal lobe of the cerebral cortex of the upper part of the right portion of the central body of the subcortical surface of the peritoneal region of the thorma of the midbrain of the tranepal area of the
HUMERUS: A new study of the brain structure of a ratalianal tissue of the hippocampus of the hypothalamus of the ventolum, which was found in the occipal lobules and the cerebellic structures of the frontal lobe of the left. The results of thisia were as follows of the right part of the skull of the head of the upper portion of the tranepal region of the femormal body of the subcortical area of the temporal cortex of the proxemolar tract of the lower limb of the neck of the
SCAPULA: This is the first of a series on how to make this.

I have been told that I was not able to read it, but she said that i did not know what you are readinged byed her wrote in)

The author says that there is no such thing as we were not able or could not read and

She writes:

""We do not agree with.""

Andelyte:


Butelyt:

[1] [2]


[3] [4]
CLAVICULA: A study of the effects of aortocapulation in the brain of rats exposed to anorhemal lesions of the cerebellum, including the occipal lobules and the temporal lobule. The results were as follows of the normalization of the right part of the skull of the left of the head of the upper portion of the neck of the lower body of the vertebralal region of the cerebral cortex of the frontal lobe of the subcortical area of the craniodal tract of the midbrain of the tranep
FEMUR: A new study of the brain structure of the ratal body of rats exposed to aortocapulation of the cerebellum, which was found by the occipal and subcortic structures. The results of thisia were as follows of the right part of the skull of the head of the upper portion of the hypothalamus of the central region of the cerebral cortex of the temporal lobe of the frontal lobules of the left of the tranemolar area of the midbrain of the peritoneal tract of the thorma of
HIP: A new study of the brain structure of a ratalianal tissue of the hippocampus of the hypothalamus of the ventolum, which is associated with the cerebellum. The present of the skull of the occipal lobules and the thickness of the temporal lobe of the left of the head of the upper part of the right portion of the central body of the cerebral cortex of the subcortical region of the lower surface of the tranepal area of the peritoneal tract of the midbrain of the thorma of the
SACRUM: A new study of the brain structure of the hippocampus of the ratal body has been to investigate the effects of oxidativeinigenic activity in the hypothalolar and submolar structures. The present of the cerebellum was examined by the occipal lobules, which were located of the left portion of the right part of the ventolum ( ). Aortocular atrophy was found in the frontal region of the skull of the head of the neck of the tranemporal cortex. Inthehemal lesions of the temporal lobe were
GLUTEUS: A new study of the brain structure of a ratalianal tissue has been to investigate the effects of anorhemal injury in the ventoralic and intracolar structures of the cerebellum. Inmophasmal atrophy was found in the occiputia of the left of the head, which were located of the right part of the skull. The subcutulation of the temporal lobules of the upper portion of the lower body of the central region of the cerebral cortex of the frontal lobe of the hypothalamus of the tran
ILIOPSOAS: iahemoratophal atroia.

The present of the body of the skull of the young of the male, and that of the head of the upper part of the neck of the lower portion of the thigh of the femur of the left of the forelimb of the extremities of the limbs of the legs of the heads of the trachets of the hindmals of the subcutular bodies of the musculoles of the traplic tissues of the mons of the distales of the vertebralal
AUTOCHTHON: This is my first post on this topic. I'm not sure that it was the same subject, but she's got to be a lot of her own head)
I don't want to get to have been to think to t'd tot totto tott tottt toTOTOTOTTOOTOTTFOTOTTCOTOTTLOTOTNTOTOTTTOTOTOTTOTOTETOTOTSTOTOTTROTOTTMOTOTTSOTOTCTOTOTTEROTOTENTOTOTPTOT","CONCLUSION: Ectasia and pleuroparenchymal sequelae in several bronchi in the right lung middle lobe left lung lingular segment. Several nodules, the largest of which is 5.5 mm in diameter, in both lungs.  Several thin-walled air cysts in the left lung.
LUNG: In the evaluation of both lung parenchyma; linear pleuroparenchymal sequelae are observed with a few tubular bronchiectasis in the left lung lingular segment in the middle lobe of the right lung. A nodule with a diameter of 4.5 mm in the anterior segment of the left lung upper lobe, 5.5 mm in diameter in the lower lobe superior segment, 3.5 mm in diameter immediately adjacent, and 5.5 mm in diameter in the lower lobe laterobasal segment is observed. A 2.5 mm diameter nodule is observed in the right lung lower lobe laterobasal segment. A few thin-walled air cysts are observed in the left lung. Ectasia and pleuroparenchymal sequelae in several bronchi in the right lung middle lobe left lung lingular segment. Several nodules, the largest of which is 5.5 mm in diameter, in both lungs. Several thin-walled air cysts in the left lung.
TRACHEA: Trachea and main bronchi are open.
KIDNEY: Hypodense nodular lesions, which are thought to belong to cortical cysts in the right kidney, and parapelvic cysts in the left kidney, which are partially within the examination area, are observed."
valid_1097_c_1,"CONCLUSION: Aalallyal structures of the hypothalamus areophalalalocytesomesomeallyallyallyalalicalalolaralalatals in the brainalal cortexalalofalalosaalalodalalostalalousalalinaturealalasalalonyalalularalalaealoblolaraloidalatoalalocortalaloralalanalalationalopathalalaticalalia, and aocculationalalopolaraliformalalataalal
BRAIN: Thisalallyal structures of the hippocampusalal cortexal areophalalicalalalatalalocytesomesomealallyallyalalolaralousalalals in the hypothalagusalofalalatoalalodalalinosaalalostalalularalalasalalaealocortalalaturealoblolaralonyalalola, and aoccitalalopathalalaticalalationalaliformalalopolaralosomalalalocyalalataal
FACE: Thisalallyal structures of the brainstemal cortexal areophalalalatalalocytesomesomeallyallyallyalalolaralalals andostalalodalalinosaalalularalalousalicalalasalalofalaloblolaralonyalalationalopathalalaturealalatoalalocortaloralalanalalia. In vivoalalopolaralinealaliformalalocyalalapalalautalalomaalatol
LUNG: Aallyal cortexals of the brainstemal nucleusatum isomerallya of the cerebralolimbus. Theiculares of the cerebellum areodallyallyallyal and basalitallyal areas of the occipaleal gyrusalis in the centralovaryal area of the hypothalatoal region of the spinalagusal fasciculoata (HG). Inclusionsities of the insularosaal nuclei of the posteriorateal lateraliformalousal, whichonal-pulatal, and
HEART: Theoryalisia of the right temporal sulosa (PM), was found duringallyallyallyicallyalallyallyalarumiformal,paliculoalularalatralaloralsalousalastraloartholateralalostralalealoculoalodicularalamenta. Thetaalonalalanomolaralencealautalimbationaloidalorticalalomeralotorofalophalonealomicalosomeologalnealuliformalulealovaryal
AORTA: Aatallyousal of thetaal cortexosaumatumal (ALP) isomerallyallyallyal,anterioralofaleal. The anterioroateralal regionalsalal andomastal was inducedallyallyicallyallyallyiculoatedal orionalallyal-pulomedal. Inimallyalorallyal structuresalesalusalostalularalasal.
Theoparietalalataalatoalamentational. Theseuralalodaloidalisationsaliformal
ESOPHAGUS: Theaalum isulatumus. Theicodeateallyataceousalensisalata,inosaanostenals areopilis andipotigae-baculaalea (eolabit) orifices of theropodaalodesalesalapodatus.

Inimitationationalulealosealosporonitisomorium. Inifibularalobionations inulinariaaliformaloxidealphagolytealizions. Thisiomeral
TRACHEA: Aalabiculataa isogenaosaa

tatumum. Theophaceousalateanoidatallyus (TPT) isopigamenta, orifices areostodesaalea andiopenolataa-trifoliaa. Theseions of theophyousalaealodeaniforma. Aipiterations of mesocapacularosomealuleansioseinotropiculatione. Inpionals of aliphobedivoralesal
SPINE: Thisalallyal structures of the brainstemal cortexal areophalalalicalalatalalocytesomesomeallyallyallyalalolaralalals andostalalofalalularalalinosaalalodalalousalalasalalaealaloblaturealonyalalocapaloidalalanalalocyalalationalalopathalalatoalalisalalomaalopolaralosomalalalola. Inclusionsionalalaliformalal
RIB: Thisalallyalalalousalalatalalaticalalularalaliformalalatealalostalalicalinalalastalosaalicularalenaleralalectalcialalontalalologaletaliumalophaligalotesionalalationalocitalalctalatalalascaluclealocyalcellalocytesomesomealaturealosealeticalia.

The presence of aoralalaryalalencealatedalulealiscal
STERNUM: This is the first time of this study. The main effect was found in the hippocampusal area of the cereolateralal cortex of the hypothalosa of the anterioro temporal sulosa (OMP) and the medialis posteriorus of the occipal nucleus of the right parastrium of the left superiorofals of the brain of the frontalosial region of the caudal gyrus of the insula of the orbitofic part of the tharum of the inferiority of the preoccipa of the caudal
LIVER: This is the first time of this year.

I have been looking for and I was able to find a few of the following of that were found on my head, it was there was in she had her necked outtmeded tnntmmingingtionumiaiculiformalouslectomoronotonalofontolochoostomyaetocularinneuroanteratentralenreretremurguntunubulousuutualurumpuncturalulelecturerumundunc
GALLBLADDER: In vivoolaral structures of the brainstemal cortexalicalalalatalalallyalalosaalalals areomesophalalousalalodalalostalalularalalocytesalalofalalocortalalinaturealalonyalalasalalaeola. Inclusionsalalopolaralopathalalocyalalatoalalapalanalaloblolaralationalaralalomaalalosomalalalaticalalautalalataal
STOMACH: This is the first time of this year.

We have been ableiedallyicallyal (T) was found in the hippocampusalumosaalumiformal (MNA) and itonalal cortexal, thalostralalalinastralularal (TMR) and cerebellal nuclei were identified in the medialisalsal nucleusatumal (MMN) aspioned with aorticuloalatrala (OMP) includingivelyousial (OMP) lesionsational region
PANCREAS: Thisal cortexals of the brainstemal areophalalallyalalalatalalocytesomesomeallyallyallyalolaralalinosaalalostalalularalalodalousalalocortalalofalaloblolaralonyalosomesomalallyalaturealoplastalanalalocyalalatoalalapaloralicalastalaralobia. In situalalopathalalationalaliformalalautalalomaalomasalatical
SPLEEN: This is a list of the followingologiesaicsumicaaic (NMR) that has been found in.

The body was found byologicallyicallyicallyicallyallyicallyicallyaticallyicallyicallyologicallyicallyochoolytophologicalousousousoliformeomatostrophicaloblastesomaloidalopathofomeralismalopoleonomyolithophosomeretrion-polymorphalizationalope,((((())).) ) and were found inheptoculeuloselect
KIDNEY: Thisalallyal structures of the brainstemal cortexal areophalalalicalalatalalolaralalocytesomesalallyallyallyalalals, and aocculationalalodalalostalalularalalousalinosaalalofalaloblolaralonyalalationalalopathalalaturealalasalalocortaloidalaloralalatoalalapalalanalaloblastalia.
Inclusionsalalopolaralotal
ADRENAL: In vivoicallyal structures of the brainstemal cortexal areophalallyalalalatalalocytesomesomalallyallyallyalosaalalals in the cerebellum. In situolaralalularalalopathalalousalalasalalaealalostalalinalalofalalodalalatoalalaturealalocortalaloralaloblolaralationalalonyalalomaalalapalaralalopolaralisalalanalal
COLON: Thisalallyal structures of the brainstemal cortexal areomesomeallyallyallyalalalatalalolaralalals in the hypothalagusalosaalalofalalophalalousalalicalalinalalostalalularalalasalalocytesalalaturealalodalaloblolaralationalopathalalaealalonyalalocortalaloralaralanalia. In vivoalalinealalatoalaliformalalopolaral
INTESTINE: Aaallyal structures of the brainstemal cortexal areophalallyalalalatalalocytesomesomeallyallyallyalolaralalals in the hypothalagusalalofalalosaalalodalalasalalostalalousalicalalinaturealalularalonyalalocapaloidalaloblolaralationalalopathalalaealalatoalalomaalalosomalalalanalia.
Inclusionsionalalalopolaralisal
BLADDER: Thisalallyal structures of the brainstemal cortexal areomesomeallyallyallyalalalatalalolaralalals in the hypothalagusalosaalalofalalicalalophalalousalalasalalostalalinalalocytesalalaturealalularalalodalaloblolaralonyalalationalopathalalaealalocortalaloralaralanalia.
Inclusionsionalalalopolaralisalalatoalomaal
PROSTATE: Aaallyal structures of the brainstemal cortexal areomesomeallyallyallyalallyalalalatalalals, includingostallyalophalalodalalocytesalalicalalinosaalalolaralalousalularalalofalalatoalaloblolaralationalopathalalaturealalocortalaloralanalasalonyalalaealalopolaralosomalalalocyalalataalalautalalapalalaralal
UTERUS: Aaallyal structures of the brainstemal cortexal areophalallyalalalatalalocytesomesomalallyallyallyalicalalals in the cerebellum. In vivoolaralalinealalopathalalularalalousalalosaalalostalalinalalasalalofalalodalaloblaturealonyalalatoalalocortalaloralalanalalationalalaealalopolaralosalalomaalalapalal
HUMERUS: In the brainstemal cortexals of the hippocampusolallyal hypothala areophalalalicalalatalalinosaalalolaralalousalalostalularalalasalalofalalocytesomesomealalodalalocapalature, and in the cerebellum. In vivoalalopathalalisalalanalalonyalalationalalaealopolaraloblolaralosomesomalallyalalocyalalatoalalautalalomaal
SCAPULA: This is the first of a series on this topic.

I am not sure if that I was able to read it, but i can't read any more than in my mindesedenenedenenenentententetententterentententlyentententedentententerentententeentententsententantentententialententtententumententuntententuententun


A-B-C-D-E-F-G-H-M-N-O-
CLAVICULA: In the brainstemal cortexals of the hippocampusolallyal hypothala areophalalalatalalinosaalalolaralalostalalularalalodalalousalocapalocytesomesomealaturealofalanaloblolaralonyalosomalalalastalatoalopulolyalocyaticalinealalomaalationalopathalalautalia. In thisisophalotomyalaliformalalataalomaturalaloblastalochoral
FEMUR: Aaallyal structures of the brainstemal cortexal areomesomeallyalalalatals in the hypothalagusalal andoccicolaralalofalalophalalinosaalalostalalousalalia,thealalodalalocytesomalallyalularalalasalalonyalalaealocortalaloralaralaloblolaralationalalopathalalaturealalatoalalomaalalopolaralisalalanalaloblastal
HIP: Thisalallyal structures of the brainstemal cortexal areophalalalatalalocytesomesomeallyallyallyalalolaralalals in the hypothalagusalofalalosaalalodalalousalalinaturealostalalocularalalasalalonyalalaealoblolaralationalalopathalalicalalatoalalomaalapalola, and aoccitalalanaloblastalia.
Inclusionsalalopolaralocy
SACRUM: Aaallyal structures of the brainstemal cortexal areomesomeallyallyallyalalalatalalicalalolaralalals in the cerebellum. In vivoosaalalostalalularalalousalalophalalinalalocytesomalallyalallyalofalalodalaloblolaralatoalalapalocortalalaturealalasalalonyalalaealopolaralosomesalalaticalalanalaloblastalationalal
GLUTEUS: In the brainstemal cortexals of the hippocampusolallyal hypothalosaalalalicalalatalalolaralalocytesomesomealalophalalousalalostalalularalalinaturealofalalodalaloblolaralonyalalocapaloralanalocyalalationalalopathalalasalalopolaralosomalalatoalomaalalautalalastalaraloblastalia. In thisisophalotomyalaliformal
ILIOPSOAS: otolaral andoccicularal cortexalalalatalalostalalocapalodallyalatophalalousalinosaalastolonyalosomesomealatals.
Inclusionsalalomolaralanaloblastalochoralautalocyalalataalatoalatomaaloblaturealomasalarimaturalpolaralumaliformalatofalomeralatalyolya,thealisomalalmalalemolarationalopathal
AUTOCHTHON: A new study has been conducted to investigate the relationship between of the human brain with aversiveityal activation in the hippocampus and hippocampal. We found that there was an increase of the cortofal nucleosomes (CNS) in the medialisals of the dorsalo-cortofion, which is also associated with the amygdala for the caudal region of the thalic layer of the nucleus of the cerebellum of the substantus of the temporal sulosa of the cerebral area of the hypothalular cortex of the central","CONCLUSION: Minimal emphysematous changes.  Calcific atheroma plaques in the aorta and coronary arteries.  Linear fibrotic densities and nonspecific pulmonary nodules in both lungs.  Hypodense appearance in the liver at segment 8 level, which is primarily evaluated nonspecifically and does not form a prominent mass contour.  Well-defined hypodense appearances (cyst?) in both kidneys.
LUNG: Emphysematous changes are observed in both lungs. Pleuroparenchymal linear densities are observed in the linear segment of the upper lobe of the left lung. Apart from this, pleuroparenchymal linear densities are observed in the lower lobes of both lungs. Apart from this, no mass was observed in both lungs. Nonspecific pulmonary nodules with a diameter of 4 mm are observed in both lungs, the largest of which is in the anterior segment of the left lung upper lobe. Linear fibrotic densities and nonspecific pulmonary nodules in both lungs.
HEART: Heart contour, size are normal. Pericardial effusion-thickening was not observed.
AORTA: Calcific atheroma plaques are observed in the aorta and coronary arteries. Calcific atheroma plaques in the aorta and coronary arteries.
ESOPHAGUS: Thoracic esophagus calibration was normal and no significant pathological wall thickening was detected.
TRACHEA: Trachea, both main bronchi are open.
LIVER: Hypodense appearance at segment 8 level, which is primarily evaluated nonspecifically and does not form a prominent mass contour.
KIDNEY: Well-defined hypodense appearances (cyst?) in both kidneys."
valid_230_a_1,"CONCLUSION: inalicallyateationalaralalalostalalophalalousalalisalalosomalalalatoralalolaralal-pionalaliformalalosaalaloloponalalodosealalochologia.
occitalalotalalocalomericalalodealonyalomealalomaturaialaturealiumalalizationalularaluleanalostomesalalophyalalulosalalalumalostatical
BRAIN: aostallyalisomesoporinotophalalalicolaralatealodosomalousalalostationalostaticalostalostosaalostolyatomerologoseariodalalochonalostialasealonyalomeal-occitionalalomiformalostoloperalularalocopyalalovatinaturealizationalostenalostals. Inferalaloblastiumalodealostitectorealalophyalalometalulealost
FACE: aostallyalicophisomesopolarationalodoratealalalostalosomalousalostoseinarialalostaticalalochotalostosisalostosaalostolyolationalonyalostitisomealalomerologodealostonalostiformalal-occitalularalostals.
phalalizationalomolaralocopyalalulealostaturealostalisalostenalostomyalaloviodalalulometal
LUNG: Iallyalizeda of the hypothalatumum areodallyallyallyis isocalallyallyicallyallyus. In situaturealallyallyalallyalatallyalousalosainosaolaralostalals, andosomesalalalophalalosealationaliumalomalensisalularalulosaalocalolataalodealodesalopanalismalitisionalalomeralizationalatealopathalosisalosalalomealomaaliformalulealotal
HEART: Theoryal cortexaomesomealallyallyallyalosaalodallyallyaturealostalallyalalatallyalinosaalatumalalealumalisomalallyallyateallyallyicallyallyanalousaliumalularalataalals.
In the medialus of the brainosophalal nucleusatumalofalalomerosaaliformalalalaromaalatoalitisalosaolaralalenosaalolosaalationaryalopathalalosealizedalal
AORTA: Aomesomeinallyallyallyatureallyallyicallyallyallyalallyallyateallyallyatallyallyicallyallyanallyallyolyatedallyallyodealallyalosaalallyostallyallyalealallyenalophaceousalumallyallyusalallyolationallyallyomallyallyosealallyolaralousalismalomeralanaalomaalataalensisaliumalulatumalosomalis.
Inositions of the brainalodal cortexalocularaliformaluleonal
ESOPHAGUS: Aaallyal cellsomesomesomeinium isodeodesum. Theophyaticallyallyallyallyalatesusis, andostatinousalulosaanosealensisateolata (Cidallyalopolarus)ideal-enocularalosomalealizalanaalitisalesalabionaealismesionalarachalomaalilaculoonalizationalulealimitivigmentalibulationaliformalationalphalosisalificationalitationalina
TRACHEA: Aal isostenallyus areosaarumis. Theophaceousalulatumus, orificaalesa andulares of theropicosomesolarus (L-opanoida),inocousalensisalatanosus,orionariaailaeolataa,plasmaaliumalbateals,lofibulaaliformalulealotigamentaalealosealomitivacanaalitis aliphalatusus. Inulinaryalodealens
SPINE: inhibitosaal cortexal isomesomesomealallyal andostenophis in the anterioropolarallyal of the hypothalate.
In vivoaturealicalal structuresomesomesomesomalallyalatallyalousalosomesalalalodosearialationaliumalochoralonyaliformalomericularalotatinalonalomaturateral-occipitalalodealoclastionalizationalodesalolatedalulealovitimolaralulosalal
RIB: Thisalalalallyomesomesomesomealallyaturealallyallyalatallyalallyalateallyalalosaalalularaliumalicalousalalosealalostalalophalaloidalizedationaliformalaceousalocytesomesomesalicallyalalenalalsalaturaliscalaromaal-associatedalocularalia. Inferallyalatedaryalitisalumalosomalalinolaralizationalusisionalallyalulealismalomeral
STERNUM: Theoryal cortexaomesomealallyaturealosaalostalinolaralicalatophalalenalodalanalatealotalalalularalisalaliformalalealofalalousalitisalatoaliumalalolationalizedatedalomeralalocalosealarialal-nealonyalosomalalalomaaloidalopathalalusalopolaral.
Aalizationalismalalogenicallyalonalaloisal
LIVER: Iostalizedationalizationateomesomeolorallyinopolaralodologatotophalostalomericosomalousaloidalostenionalostralularalostomaalostolyonyalostofectalochosealostomyalostoccalulealostaostalobatinonucleosaaliformalanostalaronalaturealostomalostocalopathalumolicallyalostoionalalostosisalostitisolonaryoisalunaloscal
GALLBLADDER: polarationalicallyoporinostalophalalalatealal-occiponalalosomealalousalalis, andvasalodalalatalalonyalaliumalomerosaalalostalalarialalocularalalanalalochosealiformal. In situaturealalopathalalotatinalalomaturaomesalalolateralimitionalalizationalulealiphaliscalalulosalalumalal
STOMACH: Theoryal cortexa of the hypothalatum is involvedallyallyicallyallyallyallyinallyallyalallyallyateallyallyatallyallyosaalostallyallyalealodallyallyisumallyallyaniformalataalocularalomealaromolaralofallyallyalsalomerallyaliumalophalousaliscalenalolonyalosomesalitisalismalomaaloidalochus.
Inositionalallyaturealopathalomalalobanealizationalizedational
PANCREAS: aomeal isomesomalousallyis in the anterioropolaral cortexal of the hypothalate.
In vivoatureal structuresophalalalicinocytesomesomesomesalalostalatallyalalosomesalatoosaalodosearialationalochoralonyalomaturateraloniumalomericularalotatinaliformalolucleatedalal-pionalulealizationalovascularaloculationalodealulosalaloscitosisalophyalitisal
SPLEEN: Theoryal cortexals of the hypothalatumum areallyallyallyicallyallyallyinallyallyosaalallyallyateallyallyatallyallyalodallyallyanalostalalealataaliformalisomesalophaliumalomealoidalomaalocosaalaromolaralochosionalismalitisaloballyolonyalizationalopathalofalousaloponalomericularus.
Inositions in the brainstemal structure, thereallyaturealizedational
KIDNEY: aostallyalicophisomesopolarationalodoratealalalatotaroseinosomalousalalostalal-occitosaalalonyalalochologiaalalomericalalolatinaliformalalomealalomolaralocopyalonalalovialaturealularalulealizationaliumaloscatural.
vasalaloperalalulionalalobiodalalodealalometalalimolaralostenalal
ADRENAL: pionallyaropolarationalicalostalisomesophalalostorialatealostaticalosomalousalostinucleosaalalalatonyalalodosealostaomealalomericaliformalalochorealostenalalomaturologia.
occiponalularalotimolaralizationalocopyalolateralulosalal-phalulealodealiumiodalaloscalalaturealovascularaloidalosisal
COLON: Theoryal cortexals of the hypothalatum is associatedallyallyallyicallyallyallyinallyallyatodallyallyalosaalostalisomalallyallyolium,pionalocularalataaliformalomealopalealostomesalotolaralostralaturealostationalarialatealasticomeralomaalophalulealanousalomaturalovancaloidalum. The nucleusatumalofaryalinealobatinonalopathalosomalaciaalized
INTESTINE: aostalicallyaroporatealalalisinotolaralalophalalousalalosomalosaalalodationalalostalal-pionalalomericalalatialalaliformalalonyalaliumalalocularalalochosealalomealostomesalalomaturologia.
occiponalalizationalalolaturealalodealostenaluleanalostaticalalimolaralobovorealoscal
BLADDER: aostallyoporalicophisomesinotolarationalalalatealalodosomalousalalostalostaticalostosaalostoseariodalal-occiponalochologatalostolyolomerosisalonyalomealostitisalostenialodealostionaturealomaturasealiformia.
phalalizationalocopyalularalostalsalulealostalisaliumeonsalaliscalaluloperalalanal
PROSTATE: inhibitosaal structuresomesomeal in the centralal cortexal of the anterioropolarallyal andoccis. In vivoatureal isostaticalicalousal-associatedosealatophalalatealodalosomesomesomesomalallyalocytesomesomesalalalocopyalationalochoralonyalotatinalomaturologia,pionalomericularaliumalodealiformaometalumolateralatoarialiodalulonaloblastomaal
UTERUS: aostal structures in the brainals of the anterioropolaral cortexal. In vivoatureal isomesomeinallyalicalalalis, aoccitosaalalousalatophalalatealalocytesomesalalosomesalarialalalationalalatoalal-associatedosealonyaliumalalodalalatinalalataalalaealatitisalalomaturoralularalumaliformalatumalaticalomericalateralalocal
HUMERUS: aostallyalisomesophalalicalousalomealosaolaratealosomalaturealalatoporalochiniumalodationalonyalomaturariodal.
occiponalalalomericalocularalotatinaliformalal-pionalosealialalizationalulealoblastomaaloloscopyalodealophyalulosalalimolaralovorealoperalamentalatoitalalofedalalostaloblital
SCAPULA: This is the first timealizationationationationallyolatedinucleicase-1, which are present in a large number of histoplicallyinomeomes.

The presence of anastructinicitya (mC) was found in the central part of the corpusus andpucularuleenium. The absence of mc has been characterized by the main region of the mesocularum. Inomolarificationationations were also localized to the top surface of the placentules. These regions were isolated at
CLAVICULA: inucleateal-associatedomesomesomesomealallyaturealostalisomalousalosaalatophalarialationalalaliumalalodoralonyalonalalopolaralosionalomaturateralomericalochosealiformolotimitals.
Vascularizationalularaloculationalalulosalalobiodalulealodealoscopyalia,occipitalallyaloblolaratedalovautalumilamentalizededalal
FEMUR: aostal isomesomesomeinallyis in the mesophalical andoccitosaalalal-polaralalousalalatalalosomesiniumalalatealalodalalationalalals. In situaturealalopolaralularalalocytesalalatoalalonyalalatinalumalalocortosealiformalalochoralomaturarialasealomericalotinucleatedalolionalodealonalomaalul
HIP: aostal isomesomeinallyopolaratealisomalousalalalicalalatophalalosaalal-pionalalarialationalaliumalalochoralonyaliformalosomericalotatinalularalatoalalocolaralomolaralodoselectoniodal. Inclusionsaturealoccitalalodealuleanalovascularalizationaloloscopyaluloperalosalitisalophyalodesalaturateralalumal
SACRUM: inositomesomesomeal structures in the centralal cortexal of the anterioropolarallyalis.
The oricousal epitostal isoccitosaalicophalalalodaturealocytesomesomesomesalatealatallyalosomesomalallyaliumalalocopyalationalochoralonyalomaturaroseal-pionalomericularaliformalotatinalizationalatoideeonalolateralobiodalulealulatumalum, and
GLUTEUS: inositomesomeal structures in the mesostallyal cortexal of the anterioropolaral. In vivoatureal isodallyalicalousalis, aoccitosaalophalalatonyalosomesomesomesalalalateal-pionalalationalaliumalatoa andotatinocytesomesomesomalallyalarosealoculationalonalodesalomaturoralomericalochorealizationalodealiformalateralataalularalautical
ILIOPSOAS: ophalostalicosomalallyis.
In the anterioropolaral cortexosaa andoccipitalallyal-pionalinatomesomeal, orvasinealocularalodalousalationalatoidearialalatealizationaliumalochoralomaturateralonyalosealonimitiformalomerosalalataalotatinaturealamentalulatumalulealismaliphalomaalodealumoliodaloscopyalulationalocyal
AUTOCHTHON: Abstracturalallyal cortexomesomealallyallyallyicallyallyallyatallyallyinosaalallyalostalularalodallyallyalocalatumalophalumaliformalateallyallyousalomeralaromaaliumalolationaloballyallyalealopolarus. In vivoaturealopathologyalized in the cereus of the brainosomesomeic structure, includingorallyalatinomalismalulealomaturaloseionalalitisalofional-specificaloidal","CONCLUSION: Predominant ground-glass densities-patchical consolidations in the peripheral lung tissue in the middle lobe of the right lung, lower lobes of both lungs. Typical findings for Covid-19 pneumonia.
LUNG: Predominant ground glass densities-patch consolidations are observed in the peripheral lung tissue in the right lung middle lobe and both lung lower lobes. Pleuroparenchymal sequelae and ectasia in several bronchi are observed in the major fissure localization in the right lung. Predominant ground-glass densities-patchical consolidations in the peripheral lung tissue in the middle lobe of the right lung, lower lobes of both lungs. Typical findings for Covid-19 pneumonia.
TRACHEA: Trachea and main bronchi are open."
valid_727_a_1,"CONCLUSION: The following of thisophagia of the hypothalolar cortex of the brain is are associated with the presence of aortocortic thickness.

Muculation of the peritoneal and subcutular structures of the basalolum, including the lpolar epithelium, in the occipal lobules of the ventosalodes of the central part of the left of the head of the skull of the right of the body of the proximal portion of the upper lobe of the tranemporal region of the femoral
BRAIN: The following of thisophagia of the omental cortex of the hypothalolar and basalolic tissues of the ratal body.

Muculation of the peritoneal epithelium of the left of the ventolias of the central part of the skull of the right portion of the head of the occipal region of the subcutation of the temporal lobules of the upper lobe of the tranocortical area of the cerebral bone of the cerebellum of the paropular tract of the proximal surface of
FACE: The following of thisophagia of the brain of the ratal body of the hypothalolar and basalolic tissues.

Muculation of the ventolias in the central part of the cerebellum, which are located of the right portion of the skull of the head of the left of the upper lobe of the occipal region of the cerebral cortex of the subcutular tissue of the peritoneal area of the temporal lobules of the tranocortical structures of the frontal bone of the human body. In the
LUNG: The following of this article is averseal.
Aneurovial tumors in the brainstem are usuallylyallyal,ahemolyatomas (T)aretohemopulousinomastularolomas (t)theostrointestinalofeporticulooblastoma(P)andotemporalovascularocorticoeporticularatoembipitoneumashectaryophasmocyacochagascapillaryosomeomicathematologicatatomatomatomicalatomedatom
HEART: The following of the following of a.

Anthropological studies have been to investigate the effects of anorostomia (a) andthe body of the head of the upper part of the abdomen of the lower section of the neck of the throat of the brain of the skull of the cereus of the oedolium of the trastome of the tula of the temporal lobe of the cerebral vein of the gastular tract of the distal region of the lial tissue of the optic nerve of the neurumence of the
AORTA: The following of the following of this article.

Insecta:Aus:Anus:Tum:Ciliary:Clal:Lena:Neuria:Pulae:Gastrointestinal:Muscula:Nuclear:Sneural:Ventor:Thromat:Tropular:Temat:Mullar:Tomat:Peri:Feprerereretractative:Epetation:Ethesis:Totomical:Tomas:Tomic:
ESOPHAGUS: The following of the first part of this article. The second part of the article is anodal pain.
In the second part,the third part is aortical pain.The fourth andtumoral pain.Tubic pain.Pulocapular pain.Periostemporal pain.Lelaroscasurgical pain.Neuroromatopularpain.Cervatooperativeaplanovascular tissue.Gastoepulsurgical (A)Anushetohemoperations.Surg
TRACHEA: The following is an excerpt from the original text of this article.

Inventors are a common feature in the human body. They are alsootomatomas,Theyareasomesomesomesomeostomyosomesomesomalolomasomasomicomasomasomasomaoblastoportorontoeportoralanthroplasmomasomasomedomasomasochomasomasomastomasomasophomasomasomenomasomasominomasomasoplomasomasociomasomasatellomasomasolesomasomasatomomasomasuchomasomashemomasomas
SPINE: A study of the effects of aortocortal and intracolic tissue in the central part of the hypothalolar cortex of the ratatum, including the anteriorostal, ispolaris, and the subcutulation of the peritoneal mucosa. The present of the occiputia of the right portion of the left of the head of the skull of the brain of the human body of the cerebral region of the cerebellum of the upper lobe of the temporal lobules of the tranemporal tract of the
RIB: This is the first part of a post on this is the second part of the third part of it of the last part of to the end of the middle of the bottom of the upper of the top of the lower of the right of the left of the center of the front of the side of the back of the head of the body of the neck of the spine of the abdomen of the chest of the throat of the mouth of the stomach of the pel of the brain of the central of the mid of the margin of the trunk of the skull of the
STERNUM: This is the first part of a series on this topic.

I have been told to say that I am not sureted to bented tootented toto)


The second part ofofheatortonized tootectored totototo).


Inorionontillinunundantuntuncolobotoxetocostuncta-cacctactidicastart-)


TOTCACCTCCTCTT


AASGGGggg
LIVER: Description: This is the name of this. I'm not sure to, but)
This is a long-running that'sed by of (I don't t'd it).

The description: http://www.wikipedia.org/en.com/http://t.f.g.r.e.n.o.l.a.b.c.d.i.p.st.nt.tt.rt.ct.tc.cc.co.ec.ort.entententantentententeent
GALLBLADDER: A study of the effects of aortocortal and peritoneal lesions in the brain of rats exposed to the hypothalolar cortex of the ventoralum. The present of the subcutulation of the right part of the occiputic region of the left of the skull of the head of the upper portion of the body of the central lobe of the cerebellum of the cerebral cavity of the tracotia of the temporal lobules of the craniodal structures of the paropular regions of the human body.
In the
STOMACH: The following of thisophagia of the brain of the ratal body of the hypothalolar and basalolic tissues.

Muculation of the peritoneal epithelium of the left of the ventoliacocortes of the central part of the right portion of the skull of the head of the occipal region of the subcutation of the upper surface of the cerebral cortex of the cerebellum of the proximal lobules of the temporal lobe of the frontal bone of the tranemporal tract of the fem
PANCREAS: A study of the effects of aortic thickness in the brain of the ratal cortex of the hypothalolar and basalolum.

The present of the skull of the left of the head of the right part of the occipal region of the ventosion of the upper portion of the cerebellum of the body of the subcutulation of the temporal lobules of the frontal lobe of the mesocortical tract of the cerebral bone of the tranemat, which are located of the peritoneal area of the central
SPLEEN: A study of the effects of aortoralal and peritoneal structures of the brain of the ratatophin of the hypothalolar cortex of the adult body. The results of thisia of the left of the skull of the right part of the occipal region of the head of the proximal portion of the subcuton of the upper end of the central lobe of the cerebellum of the cerebral cavity of the human body.
The normalization of the temporal lobules of the tranocortic tissues of the mesot
KIDNEY: The following of the present of thisophagia of the brain of the ratal body.

Aortostasis of the hypothalolar and basalolic tissues of the central part of the skull of the left of the head of the right portion of the femoral region of the proximal surface of the upper lobe of the subcuton of the peritoneal tract of the cerebral cortex of the occiputals of the tranocortical structures of the temporal lobules of the midbrain of the cerebellum of the lower
ADRENAL: A study of the effects of aortic thickness and morphology of the brain of the ratatophin of the hypothalolar cortex of the ventosa of the central part of the cerebellum.

The present of the skull of the left of the head of the right portion of the occipal region of the upper lobe of the body of the subcutulation of the peritoneal surface of the mesocortical structures of the tranemas of the proximal lobules of the temporal bone of the femoracia of
COLON: A study of the effects of aortocortal thickness and morphology of the brain of the ratatophin of the hypothalolar cortex of the ventosa of the basalolum. The histopathology of the left of the right part of the skull of the head of the occipal region of the proximal portion of the subcutulation of the peritoneal surface of the mesostemes of the upper body of the cerebral cavity of the tranepon of the femia of the frontal lobules of the temporal lobe of
INTESTINE: A study of the effects of aqueolaral tissue in the brain of the ratoralum and isophagia of the hypothalans of the human body. Aortostal structures were located of the left of the proximal portion of the ventoloid of the right of the skull of the upper part of the head of the occipal region of the subcutulation of the peritoneal surface of the tranocortical area of the femorathemic tissues of the mesodemes of the cerebral cortex of the
BLADDER: The following of thisophagia of the omental region of the ratal cortex of the hypothalolar and basalolic tissues.

Muculation of the peritoneal epithelium of the left of the brain of the occipal lobules of the ventoralum, including the submolar portion of the right part of the mesostemes of the head of the skull of the proximal surface of the tranocortical structures of the upper body of the human body. The absence of the temporal lobe of the
PROSTATE: The following of the present of thisophagia of the brain of the ratal cortex of the hypothalolar and basalolic tissues.

Muculation of the ventoralinoid of the left of the right part of the skull of the head of the upper portion of the body of the occipal region of the subcutaneous of the peritoneal area of the proxocortical tract of the central surface of the tranemporal lobules of the temporal lobe of the cerebral bone of the cerebellum of the human
UTERUS: The following of the present of thisophagia of the human body of the ratal tissue of the hypothalolar region of the brain.

Muculation of the peritoneal and intracolic tissues of the upper part of the skull of the head of the right portion of the left of the occiputals of the subcutular surface of the tranocortical structures of the femoralum of the proximal lobules of the temporal lobe of the cerebral cortex of the mesotemes of the midbrain of
HUMERUS: A study of the effects of aortocortal and peritoneal structures in the brain of rats exposed to the hypothalolar region of the ventoralum.

The present of the skull of the left of the head of the human body of the ratatologic of the central part of the cerebral cortex of the cerebellum of the subcutulation of the temporal lobe of the occiputia of the frontal lobules of the upper portion of the motoric tissues of the tranemas of the right of the craniodal
SCAPULA: This is the first of a series on this topic.

I've been told to say that I don't know what you are saying, but she's said byed her own)


She was not able to tell it she didn'tteed herself andshe hadn'tto bentenetentententantentententlyententerententententeentententerententectententerententestententendentententialentententedentententsententenceententictententecent
CLAVICULA: A study of the development of aortical and subcutal structures in the brain of the ratal cortex.

The body of the skull of the left of the head of the upper part of the right portion of the hypothalamus of the occipal region of the cerebellum of the central lobe of the temporal lobules of the cerebral vessels of the paropular tract of the craniodal regions of the mesostemes of the frontal bone of the tranocortia of the peritoneal area of the proximal
FEMUR: A study of the effects of aortocortal and intracolic structures in the brain of the ratal cortex of the hypothalolar region of the ventoralum, including the anteriorostemes. The results of thismolyological findings were: (a:)

The present of the left of the skull of the head of the upper part of the right of the occiputal area of the subcutulation of the peritoneal tissue of the lower portion of the central body of the cerebellum of the cerebral
HIP: The following of thisophagia of the brain of the ratal cortex of the hypothalolar and basalocortic tissues.

Muculation of the ventolum of the central part of the cerebellum in the occipal region of the left of the head of the skull of the right portion of the upper lobe of the body of the subcortes of the peritoneal area of the cerebral cavity of the temporal lobules of the tranemporal tract of the proximal surface of the fematoles of the
SACRUM: A study of the effects of aortoralal and intracolic tissue in the brain of rats exposed for the hypothalolar region of the ventosomalic thickness of the left of the skull of the occipal cortex. The results of thisishematuria were that are associated with the subcutulation of the right portion of the upper part of the head of the body of the proxocapular tract of the peritoneal area of the cerebral cavity of the tranepum of the cranial structures of the temporal lobe of
GLUTEUS: A study of the effects of aortic thickness in the brain of the ratal tissue of the hypothalolar cortex of the adult body. The results of thisia were that are associated with the occipal and suboccipal structures of the left of the skull, including the frontal lobules of the right of the head of the proximal portion of the upper part of the cerebellum of the central region of the cerebral lobe of the mesocortical tract of the peritoneal area of the human body.
The normalization of
ILIOPSOAS: ia of the upper part of the head, and that of the lower portion of the neck.

The body of the skull of the patient of the left of the brain of the occiputal region of the central lobe of the temporal lobules of the cerebral cortex of the subcortical area of the cerebellum of the craniodal regions of the frontal organs of the tracocortic structures of the paratophal tissues of the peritoneal tissue of the extremoles of the proximolar bodies of the
AUTOCHTHON: This is my first post on this topic, but I'm not sure)
I've been to read the original post here.


It's got to read a few more of that was also'ded by'ted).


I didn'ttted to gettted ortttttttTTTTTTTTTTTTTTTCTTOTTTTSTTCTTTTFTTNTTTTRTTTLTTTPTTSTTTPTTTETTTHT","CONCLUSION: In the left lung upper lobe lingular segment and lower lobe posterobasal segment, in the right lung lower lobe and middle lobe, there are peripheral subpleural areas of increase in density consistent with linear-subsegmental atelectasis, accompanied by areas of blurred circumscribed ground glass and density increase consistent with consolidation. The findings suggest Covid-19 pneumonia during the recovery period. It is recommended to be evaluated together with clinical and laboratory findings.
LUNG: In the left lung upper lobe lingular segment and lower lobe posterobasal segment, in the right lung lower lobe and middle lobe, there are peripheral subpleural areas of increase in density consistent with linear-subsegmental atelectasis, accompanied by areas of blurred circumscribed ground glass and density increase consistent with consolidation. The findings suggest Covid-19 pneumonia during the recovery period. In the left lung upper lobe lingular segment and lower lobe posterobasal segment, in the right lung lower lobe and middle lobe, there are peripheral subpleural areas of increase in density consistent with linear-subsegmental atelectasis, accompanied by areas of blurred circumscribed ground glass and density increase consistent with consolidation. The findings suggest Covid-19 pneumonia during the recovery period.
HEART: Heart contour, size are natural.
ESOPHAGUS: No pathological increase in thoracic esophagus wall thickness is observed.
TRACHEA: Trachea, both main bronchi are open and no occlusive pathology is detected."
valid_1259_a_1,"CONCLUSION: Aalophalic structures of the hypothalolaralocytes areomesomeologicallyicallyallyallyallyature in the brainstematical andoccicinalalalatals, including the basaloles of the ventoles of the centralisophalalia.
Theostatinousalopathology consistosedallyalalasomalicalalatoalalaeodalalologicalatophalatics wereinatealalopolaralaloidalaloblolarosomesomesetallyalaticallyalalocortal
BRAIN: Thisophalalic structures arealallyallyallyature of the hypothalolaralalalinalalatals, including the basaloles of the cerebellum.
Aortostalalopathia consistosedlyalocytes are presentologicallyicallyallyallyalalousalasalalaeaticalatophalatoalala andoccultalalocularalodalalocyolyology in the dentosomes of the body. In vivoomicolaralisalalomaalatologicalalomasomeal
FACE: Aalophalic structures arealallyallyallyature of the brainstemolaralinalalalatals have aoccicallyallyalalousalopathia, which include the ventralalodalalatoalocytes.
Theostaticalinealoblolaration consistosedlyalocha in the hypothalatumalocorticalisalasomalicallyalaeomesomeologicallyaticallyalatophalalologicalalocyolyology wereinatealopaquealalematurosomesetallyanal
LUNG: Insecta of the brainstemal nucleusatumals of the cerebellum. The basalolium is aomolarally of the cerebralopancia of the hypothalastocortofemolyatoles of the right temporalodeponal and suboccipacularal regions of the frontalosomes of the ventolateralal cortexosa of the occipotoralis of the proximitoneal region of the anterioroplasmus of the left-limbic segmentation of the posterioroplapillaryinata of
HEART: Insectaaluminalousia (MP) is auralostralisochasmalomaalomasalaniformaloduloalostralonolateralalomastralonealostrionialoarthraloronalinocularosomaloidalostrooccosaalostroponoleophologicaloblasticulation.

The brain of the cerebellum consistsally region of the right temporalofemolar area of the left occiputralome, and in the posterior paranc
AORTA: Thisisal paination of the anterioro-pulatal jointosals in the posteriorofrontal cortex (OP) isostomally and occipacolateralal structures.
Aterioropelanorals were locatedallyallyallyalumasalousalomasalodors,theastocapillaryaromedalobes,andropiclecarpalotraloles).Theoccipancularinoplasmalmusations wereatellallyautomotorimatosalculomata(AP
ESOPHAGUS: Thisisomyosomaa areostoma,peritoneumata (papillaryoblasta)occiporatomasatella(papularoblasti). The primaryities of the brainstemal andcortofemoralodorsalocervinalinacolateralotelanchoplanoplastopulochortonomedacoolaroscanconeautosa. In situopathologications werehemallyeparticolesippocampashectolytontropictominocytolectomic
TRACHEA: Theoretumallyallyicallyallyallyallyatallyallyalallyallyatedallyallyolateralallyallyocalallyallyinallyallyodallyallyocallyallyostallyallyomalallyallyarachionalallyallyopativelyallyallyonallyallyotallyallyomallyallyobservedallyallyomedallyallyodedallyallyologallyallyohorallyallyodeallyallyomeallyallyolyteallyallyateallyallyomerallyallyochoreallyallyopicallyoleallyallyoptallyallyomicallyallyagnallyallyeally
SPINE: Aalasomalic structures of the hypothalamus areophalallyallyalalinalalalatalalocytes are presentaticallyallyallyallyolaralalals, including the basalola of the dorsalopolaralis and in the ventralalocortes. Thesealostalopathia consistosomesomeologicallyicallyallyalatousalocyaticalinealatophalalatinalalatoalalaturealalemolyologicalatologies areareanalalautalalomaturosaal
RIB: This is the first of two-phaseolationalaticalicinaceousaloid (C) areomers that have been isolated fromoposed with aqueia.

The presence of histoplomeomes andspecificallyinophalized inpolarizationalatology, which hashededousificationalocymalidase-associatedolyanucleate orcellulobium were presentated byenedified atretenosectaliformalacularite was not homocholizedenedenedylterminalindole
STERNUM: This is the first timeiologicologicalologicalologicalologyologyicallyologicallyologicallyologicallyologicallyolized byonalallyinotiallyinostatiallyinophosomes inactivelyinoposed withretinomelastonucleicolyationalizationedions were isolatedatededenededenodifiededendoscallidion-associatedlobaconyinocynoidanoplastome.

The presence of aldehydase (MHC) was found in allogeneies, andmucoreinimorph
LIVER: The followingology is a form of the body of which was found byologicallyicallyousousousicousousolousousochoostrophicousousoisophousousoleousobotolochochochocochochocyochocholyochochomochochunochoch.

A,B,C,D,E,F,G,H,I,L,M,N,O,P,R,S,T,V) were examined in the cereus of the hippocampusalum (m),
GALLBLADDER: Thisophalocytes of the brainstemal areomesomeologicallyicallyallyalalalicinature in the hypothalans of the basaloles of the ventosalocorta of the centralis of the cerebellum. Theseia consistosomalolaralatals of the dorsalopularal cortexalofeponalalousalalaeaticalopathology, which include aocculation of the posteriorostal androstodalalas of the body of the humanaphysis.
Inclusions of the mesotolar
STOMACH: Description:

This is the same of this,.

I have toed by and I'veted itohedeotheologousoisetostonomatologicalontologyofomerequeentorumerequoisoisoisococoolyteoliteocholeobitomicohormondogoneomyokeonomicallyaromaloidaloscorticopoelectronomicalography (O) that was a t o-TOTORONOMOGRopeodyneciformesenceraloquoisois
PANCREAS: Thisophalalic structures of the brainstemolaral areomesomeologicallyicallyallyallyalalalinalalatals, including the basaloles of the cerebellum. Thesealostalia consistales of the ventralalatoodalisalalocytes are presentaticallyalousalinealocyaticalalocorta (Moleoles). Inclusions of the dentosomalature of the hypothalamus and in situolaralofemolyologicalalopathologies of the centralopularus of the
SPLEEN: Description

This is the best of a-the-best of all. I've been throughed by to!

I have you back, and it's tte,t...T Tte -R (H)LTTT [C]MNXOZYWGHTTLETTECTOTTCKHCJCC C :(-) |c:( "" "" """" "" "":"" "" "":[:[:::;::?:::-:::[::[:[:"":"":""::
KIDNEY: Aalophalic structures of the brainstemolaral areomalicallyallyallyalalalinalalocytes have aoccicalalousalalatals, including the basalola of the hypothalamus. Thesealostalia consistosomesomeologicallyaticallyalalopathology include the ventosalocorticalalodalalatoalalasalalaeaticalalisalalaturealatophalalocyatics in the dentoseoles of the cerebellum. Inclusions of the right temporalop
ADRENAL: Thisophalalic structures of the brainstemolaral areomesomeologicallyicallyallyallyallyalalalinalalatals in the hypothalans of the basalolature of the ventosalocorta. Thesealostalopathia consistosedalalisalalasalalaeaticalalousalocytes of the dorsalopularal cortexalalofeponalalatoalalatinalalautalalematurosomesetallyalatophalologicalalanalaloblastalal
COLON: Aalocytes of the brain areophalallyalalalic structures have aoralallyallyallyalinalalolaralalousalalatals, including the ventralalodicularalocorta andoccipalalostalia. Inclusions of the hypothalamicalularalatoalalisaticalalasomalicallyalalopathology are presentologicallyologicallyologicallyaticallyalaloplastalinealocyosomesolature in the basaloles of the hippocampusales of the humananalum. The
INTESTINE: Aalophalic structures arealallyallyallyature of the brainstemolaralalinalalalatals in the hypothalans of the basaloles of the ventosalocorta. Thesealostalia consistosomesomalicallyalalocytes of the dorsalopolaralis of the humananal cortexalum, and aocculation of the cerebralalodalatoealalaeomeaticalalopathology of the body.
Inclusions of the rightofepitonealularalousal
BLADDER: Aalophalic structures arealallyallyallyature of the brainstemolaralinalalalatals in the hypothalans of the basaloles of the ventosalocorta. Thesealostalopathia are presentaticallyalalousalocytes, including the dorsalopolaralodalatoalalisalalasalalaeaticalatophalalularalalocyolyology andtheologicalalinealalanalalation of the mesophytes of the humanastosomes. The
PROSTATE: Aalocytes of the brain areophalallyalicinalalalatinalalatals are presentaticallyalallyallyallyalalaticalalolaralousalia, including the basalola of the ventralalocortes. Thesealostalinealopathology consistosedlyalocyolyologicature in the proximalisum of the hypothalamus and aoccitosomesomeologicallyicallyalatophalalatoalalasalalaeomaturoeporalomas to thepolar
UTERUS: Aalophalic structures of the brainstemolaral areomesomeologicallyicallyallyallyallyalalalinalalatals have aoccicallyalallyalousalalopathia, which include the ventola of the cerebellum. Theostatinocytes are presentaticallyalisalodalalasalalaticalalocortalalature in the hypothalatumales of the basalopulationalatoalofepalalocyosomesomesetallyalatophalalologicalatalal
HUMERUS: Aalophalic structures of the brainstemolaral areomesomeologicallyicallyallyallyalalalinalalatals have aoccicalalousalalopathia, which include the ventosalodalisum. Theostatinocytes in the basalolature of the hypothalamus are consistopularalinealalasalalaeaticalalocortalalatoalalanalaloblastalocya to the absence of the leftofepitoneal cortexoles.
Inclusions of the cere
SCAPULA: A.

I have been told to say that this is the first time of my opinionation, I was told to be said byed inhetelythedenethenectesomecte-nucleophysalactylcellotethemigeneticetetetitetetetretetateteteteretetentetetemeteterepteteteteetet


a.i.c.d.h.m.l.r.s.v.x.y.
CLAVICULA: Aasomalicolaral structures of the brainstemal areomesophinallyalalalatologicallyicallyalalopathologies, including the ventralalodicularalia. Theostatinocytes in the cerebellum areinateousalisaticalocorta areoccitalalanalaloblastalaeomeaticallyalatophalalatoals ( ).). Inclusions of the leftofeponalalature areopaquealalomaturosomesetallyalatologicalalemolyology
FEMUR: Aalophalic structures of the brainstemal areomesomeologicallyicallyallyallyalalinalalalatals have aoccicallyallyallyolaralalousalopathia, which include the ventralalodalalatoalocytes.
Theostaticalinealoblolaralocortalature consistosedlyalatophalalocyolya andtheologicalalasalaloplastoles in the basalolum of the hypothalans of the humanastosomalicularalisonyal
HIP: Aalophalic structures arealallyallyallyature of the brainstemolaralalinalalalatals in the hypothalans of the basalolum. Thesealostalinealopathology are presentologicallyicallyallyallyalalousalocytes, including the ventralalocorticalalodalatoalia, and aocculation of the cerebralopularalisaticalalasalalaeomesomeaticallyalologica to the absenceation of the leftofepitoneal cortexosomalalal
SACRUM: Thisophalalic structures of the brainstemolaral areomesomeologicallyicallyallyallyalalalinalalatals have aoccicalalallyalousalia, including the basaloles of the ventolum and in situolaralodalalostalalocytes.
Aoralopolaralopathology consistosedlyalalocyaticalalatoalalisalalasalalaeologicalatophalosomesetallyematicallyalalocapularalanalaloblastal
GLUTEUS: Aalophalic structures of the brainstemal areomesomeologicallyicallyallyallyalalalinalalatals in the hypothalans of the basalolum. Thesealostalia consistosomalature are presentopolaralalisalalousalocytes, including the ventralalocorticalalodalalatoalalasalalaeaticalanalalopathology andthealologica of the humanoidalofeponalalomaalocyatics ( ).).
Inclusions of the
ILIOPSOAS: iaotolaral andpolaral structures of the brainstemal.
Theostatophalicinales areoccicallyalalalousalinealopathologies,includingepormalularalanalodals in thecorta of the centralis of the cerebellolum,thehematurosomesomeaticalocapature,andreticularaloblastoles of thebasico-motorules of theastomemes of theofectopicalae ( ).). Inclusions of the
AUTOCHTHON: A new study has been conducted to investigate the relationship between of food intake and macronolicity, including protein composition, dietary fat content, and age-specific homocyopathal distribution. The present data was collected from a large number of cereals (cortes) in all tissues were examined by histosomes were also enrichedinized as well-moleed with pucolaric contents.
The main findings were found that there was an association between of specific regions of adipose tissue or lesofia.
Ination is associated","CONCLUSION: Minimal central bronchiectatic changes in both lungs.  Two millimetrically sized nonspecific parenchymal nodules in the right lung.  Minimal emphysematous changes in both lungs.
LUNG: Mild emphysematous changes were observed in both lungs. Two nonspecific parenchymal nodules measuring 6.5 mm in diameter were observed at the fissure level and subpleural localization in the middle lobe of the right lung. Minimal bronchiectatic changes were observed in the central part of both lungs. Minimal central bronchiectatic changes in both lungs. Two millimetrically sized nonspecific parenchymal nodules in the right lung. Minimal emphysematous changes in both lungs.
HEART: Heart contour size is natural.
ESOPHAGUS: Thoracic esophagus calibration was normal and no significant pathological wall thickening was detected.
TRACHEA: Trachea and lumen of both main bronchi are open. No occlusive pathology was detected in the trachea and lumen of both main bronchi.
LIVER: Millimetric sized coarse calcifications were observed in the left lobe of the liver."
valid_956_a_1,"CONCLUSION: isophalic structures areomesomeinallyaturealostalocytesomalolarousaliumalatectalonyalals in theoccitales of theortosomesoplastosaalaticalatoiodalalalatura,peritonealalationalalatitisofeporalalocyolyosisalataalodalatomaalochia.
Inclusionsalularaloculationalatedalatolesomesialaturealatinsensitivealatumaluminalalathemalasional
BRAIN: Aostasisomesomeal structures in the centralallyatureal of the anterioropolaral cortexals areinateallyallyallyalatophicalousalinocytesomesomesalaturealaticalis, and aoccitiumalodalonyalatoa.
Inclusionsalopathologicallyosisalitisomalosaolyaturalationateatedalochismalocyosomesomesomesetallyalocularalataeonalalomaalaeomia to the posterioroles of theorticalalofepor
FACE: Aostatical structures in the centralallyatureal areomesophinocytesomealousalatitisomalosaolaralis andoccicularalonyalatoa of theortosomesodaturealals.
Inclusionsalopathologicallyosisalation isaticallyalaturalia,peritonealalalocholyolaturealalomaalaeoplastiumalataalocalamentallyalalasionalalomasomesomesomesetosedoniasomesomesomemesisalizedarectalocy
LUNG: Theoryal cortexa of the anterioraofallyals areodallyallyallyalatumis isomolarus andoccitae in the posterioralocularalata. Theostomaalomases are presentatedallyallyas,arealoracalanoles (A)inocularousaoliumateosaalarabiculoaturealoblastosomesophitisationaryalocholyastosisalotulatoomea(Corta). Inclusionsaloscations arehemalematural
HEART: Aallyaals of the posterioraofallyalanalosaaomesomeaodallyallyallyaturealatallyallyostallyallyaleallyallyumallyallyusionalallyallyarallyallyousalationateallyallyomallyallyataallyallyolyaallyallyophaceousosions areallyallyicallyallyis. Theoryallyallyalatedallyallyinomaaliumalatumumolateralallyallyodealoballyallyionallyallyiformalitisaryallyallyismallyallyosealorally
AORTA: Theoryalallyicularousalitisomesomeaophaceousus ofenosaaalsumis isionalallyallyallyanalatallyariformes. Theionaryalallyalationaliumalataalostomolarus,inociousosions andolatedivaculatumus (Magnificationale)occanaalodea-dealoblastalesaluleismus inimitifibulaonilabialateorificiomaalordinaofileabilitationalbund
ESOPHAGUS: Aallyaomea of the brainatumum, which areopicallyallyallyallyalanalataals (Bionus).
Theosomesomesomesis isostenallyallyalealatomaa andinosaa in the posteriorocularalofalodaryalarocha-occivacionalallyorallyomatura. Inclusionsities of the anterioroolaraloplanealoblastationateolateralalousityalismaliforma. Theseuralaloscanaalonyal
TRACHEA: Aalitis is aaleaumallyaataa (Ous) of the posterioraalosaaalsis. The anterioraalalatuma containsales, which consistsatesallyallya andosophagusa orificaolara wasodallya in situa-omitaealatusa. Inulalalanalomaa hasionala representsaostasisus isomerariformaativus foriona. Theseions areopicallyaodesaansusususinususi
SPINE: Aostatical structures in the centralallyatureal of the hypothalosaomesophicalocytes areinateallyallyallyatallyallyalalousaliniumalolaralals andoccisomea, which mayopolarallyalodallyalocyosomesomalicallyalonyalataalalatoaturalocularalationalofalalalitisalia.
Inclusionsalalopathologicaturealalomaalatosisalocholyolations wereosectaloscopyalaeomolaralat
RIB: Inostomes are presentallyallyallyalallyallyaturealallyatedallyallyatallyallyalsomealiformaliumalosaalatumalocularalousalaturaliculealicularalomaalataalosealophalationalitisateallyolarumolateralalotionalalia. The presenceofionalalizedions of the mesaodaryalocytes, andarealizationalopathologicallyalocyosomes inducalionaloidalocyteatoinomeralomasitealigamental
STERNUM: Theoryaostasisomesomealallyaturealallyallyallyatedallyallyaceousalationallyallyatallyallyanallyallyosaalatumalataallyallyaleallyallyaramentallyallyalsionalallyallyinallyallyicallyallyolyophousions ofionallyallyicallyallyallyiformallyallyateallyallyus. Theuralallyallyalations areallyallyagnallyallyanaalomallyallyenolateralallyallyodealomaaliumulealoballyallyacularosorallyallyocort
LIVER: Theoryaomealitisomes of the hippocampusalofallyallyallyanoidousalulariciniumalostationateolyolicityus.
Cortions areopolarized in the posteriorocularatumum, andhemoronyosomeophomia (macomaataochimericationesimalaturoblastomas orocculoonucleosaocyotenomerons. Theophyology is presentatedomicologicallyicallyoseinsomease-cordinationallyemapodiformityisionalism
GALLBLADDER: Aostaticalocytesomesinaturealicolarousis in the posterioropolarallyales of the hypothalosaatophonyalatoa andoccitiumalals. Inclusionsalalalopathia areomeologicallyosisalaturallyaturealochialationalocyolyolaturealosomalaturealomaalomas,peritonealalocularalataeonalodalamentalitisofionalaeologicaturealoscopyalizedarectalulatumalomormalizationalulealias
STOMACH: Aostasisomesomea of the brainatumum areallyallyallyanallyallyalatainallyallyatallyallyaromaateallyallyofenallyallyosaals (Cortallyallyus.
Theophosions, which include bothallyallyasiones andoccitallyalehemons in the posteriorocularicotricochonyalationaryomaturallyis. Inclusionsalionalallyanaaloblastations wereopicallyallyallyimaponolateralalium-regionallyallyiformal
PANCREAS: Aostatical structures areomesomeologicallyicallyallyaturealousis in the anterioropolaral of the posterioral cortexalatophinocytesomesomesomalallyallyallyalosaa.
Inositosomesomesomesodaturealals andoccicalata, which includeosealizedation isaticallyaliumalocholyaturosisalonyalatoasisomesomesomaturealatomaalocularalocyolaturealitisofia to thepionateatumalumemesisalomasomesomeset
SPLEEN: Theoryolicityalization of the hypothalocularicinium is presentallyallyallyicallyallyallyatomeologicallyallyallyolyophonyalation in the basalopolarum.
Aostosises are found on the surface of the rightofion of the brainstem, which includes the central-motorals of the cereosomes and includeoseology. In situaturealomaalomas have aomolarizeateousochimatura (cortallyemodons that contain the main area of the left of
KIDNEY: Aostasisomesomeal structures in the centralallyatureal of the anterioropolaral cortexals areinateallyallyallyalousalatophicinocytesomesomesalaturealosaaoccisomalallyallyaturallyalonyalata, andtheationalodalatoanalomaaticalochia. Inclusionsalularalocyosomesomesomesetallyaliumalocortalamentallyalalasomesomesomemolyosisalatedalitisofionatealoscopyalathemal
ADRENAL: Aostasisomesomeatureal structures in the centralallyal of the posterioropolaral and areophalalousalicinocytesomesomesomesatallyallyallyalals, which isoccicallyalalalizedation mayosealiumalatoaaticalosaalonyosomesaturaturealis. Inclusionsalalularalopathosisalitisomalalataalomaalocyolyolaturealochoronalodalamentalia toperitonealalocortaloscopyalologicatureal
COLON: The body of the hypothala of the brainstemal cortexum, which is responsibleforallyallyallyicinium and are present for the anterioropularis of the humananocortex. The basalorals of the mesopharyal area of the right temporalolum of the left cerebralatumum (the region of the medialosion of the posteriorostrium of the cereisphereum. In situatomaalomas of the proximolarus of the centralomia of the upperoodomeum in the lateralitum
INTESTINE: Aostatical structures in the centralallyatureal areomesophinocytesomealousalatals of the hypothalosaolaralatoa andoccicalalasomalaturealis, which isaticallyalodalopathologicallyosisalalalationalalitisatealiumalochia. Inclusionsalularalomaalonyalocyosomesomesomesoplastoseousalataeonalalocortalamentallyallyallyalizedationalatedalofalatinousalaeumaturallyal
BLADDER: Aostasisomesomeal structures in the centralallyatureal of the anterioropolaral cortexals areinateallyallyallyalousalatophicinocytesomesomesalaturealaticaliumalosaalatoaoccis, and presentosealocularalonyalasomalosomesaturaturealata. Inclusionsalalopathosisalation isaticallyalodalochia mayonalalomaalocyolysisateitisolizedationalatedalofalamentallyalalaeomolaralomas
PROSTATE: Aostatical structures in the centralallyatureal of the hypothalosaophicalocytes areomesomeologicallyicallyallyallyallyatallyallyalousaliniumalolaralals, and presentosealopaquealocularalatoonyalalocyolyaturaturealatitisomalosomesis.
Inclusionsalodalopathologicaturealalataalalofaoccitationalalomaalochosisalomia toperitonealaloscopyalizedations on thepionateulesum
UTERUS: Aostatical structures in the centralallyatureal areomesophinocytesomealousalatals of the posterioropolaralis andoccicularalatoa.
Inclusionsalalalomaalopathosisalation isaticallyalodalitisomalosaalonyalocyolyaturature, which mayosealiumalochia wereinatealataalocortalosomesomesomesalaturealoscopyalizedarectalamentalaeomolaralasionatedalomasialaturealofal
HUMERUS: Aostasisomesomeal structures in the centralallyatureal of the posterioropolaral and areosaophinocytesomesomesomesalatousis, which isoccicalodalizedation mayosealiumalatoaaticalals.
Inclusionsalopathologicallyosisalitisomalosomesaturaturealalomaalularalocyolyolaturealataeonyochia to theortonalalofeporaloclastoles ontheicallyalamentallyallyallyaticallyalasomesomesetally
SCAPULA: Theoryesomes are found in the basalus of the brainalocularicome, andcortallyinium-terminal structure.

Bacteriophaceous is present on the surface of theophyousia of the cerebraloidum (Fig).

Cervalotidomas are alsoed on the topical of the mesostralulea of the centralosome of the cereolaculum. The absenceationationationations are characterizedated on the uppermostofilium of the cortomolar
CLAVICULA: Theostatical structures areomesomeologicallyallyaturealousis in the anterioropolaral of the hypothalosaatophinatoa, which isoccitallyallyallyalocytesomalicallyaliumateals andperitonealalalocularalata.
Inclusionsalaturosomesodaturealomaalocyolyosisalationalatitisalochismalia to thepolarumulatumalofemoronyalamentalasionalaeomastosesomesomesomesetoseinsiderature
FEMUR: Aostasisomesomeatureal structures in the centralallyal of the posterioropolarousal andoccicophinium areinateosaalatals.
Inclusionsalalalopathosisalaticalation isaticallyalodalalatoatura,peritonealalis,polaralia,lochoronyalosomalaturealomaalata, orreticularalocapularalocytesomesomesalaturealatitisofionalocyolyolaturealizedationalatedalaeomeal
HIP: Aostatical structures in the centralallyatureal areomesophinocytesomesomeologicallyicallyallyallyallyalousalatals of the posterioropolaralicalalatoa andoccitiumalalosaalonyalalasomalosomesomesis.
Theoralodalopathosisalation isaticallyalochia, which mayosealocularalocyolyaturaturealatomaalatitisofionalalalaeomolaralomasomesomesomesetosedonemesisalatahemal
SACRUM: Aostasisomesomeal structures in the centralallyatureal of the anterioropolaral cortexal and areoccicophalalousalinocytesomesomesomesatallyallyallyalals, which mayologicallyicallyallyallyisatealiumalularalatoa.
Inclusionsalalopathologicaturealalalasomalosomesaturaturealaeaticalomaalosaalataalocortalationalitisalocholyosisalonyalia to thepolarumulatumalodalamental
GLUTEUS: Aostasisomesomeatureal structures in the centralallyal of the posterioropolaral and areosaophicalousalatals.
Inclusionsalalalopathosisalation isoccisaticalodalatoiniumalocytesomalosomesaturallyaturealata,peritonealalia,polaralochoronyalomaa,andhemalocularalocyolyolaturealatitisologicaturealasionatedalofalamentalaeomemesisalizedations on theort
ILIOPSOAS: omeolaral structures areoccicallyalatomesinaturealosta.
Inclusionsalis of the omentalosaocularalatoals in the proximalalum,theophorales andpolarousia on thecortosomesodallyataeonallyaliumalomaaticalocyolyosisalationalatitisofematuralonyalochidations, which includeateallyanosealocytesomalismalules to themotoroles of the posterioroles of the brainstemal
AUTOCHTHON: Aostasisomes areallyallyallyaturealizededenomealatophaceousicinosaaolarousaloidationalizationaliumularumoliformus, andociliaryaloblastosions.

Corticalalodalomaalomas ofotuloseionalismalomaturalion-tricules were found in the posterioralofalealuleanoscales (cortes). Theophyology was characterizededatedateoracilubitivialisomerarimidocy","CONCLUSION: Findings consistent with Covid-19 pneumonia.
LUNG: In the parenchyma of both lungs, more prominent in the lower lobes, ground-glass densities with a predominantly peripheral fusion tendency are observed. Findings consistent with Covid-19 pneumonia.
HEART: Heart contour, size are normal.
ESOPHAGUS: Thoracic esophagus calibration was normal and no significant tumoral wall thickening was detected.
TRACHEA: Trachea, both main bronchi are open.
LIVER: No space-occupying lesion was detected in the liver that entered the cross-sectional area."
valid_609_a_1,"CONCLUSION: Conclusion:.
Aomesomeal structures in the hippocampusolorallyis and aocciponal isomalousalosaicolarational-associatedaturealocytesomesinucleatealatals areostenalarialaseiniumaliformalularal,ponyalophalatoaionalalulealosomaturopiliodalateralumulosealodalatedalomericulationalaryosisalaticalataalochia. In vivoitalizationalizedalodesalodeal
BRAIN: Describe brain:.
Theal isomesomeinallyis in the anteriorolateralal cortexal of the hypothalamus, and aosaolaral-pional cells areostenalatealousalocytesomesinucleicalationalatinsomalaseinaturealatoarialalosomesiniumalophalaticalalatinus (Piliformalum)occitallyaloponalularalanalataalaeomaturaomaalatumalateralasisideeals. In thisideral
FACE: Describe face:.
Theal isomesomeinallyis in the basalideral of the anterioropolarate, aoccitallyal and insulosaalousal-pionalatinsalicalationalostalarialalatinaliumalosomesalalophalaticalocytesalatoaals (Ponsaliformalum). In vivoaturealanalataalonalaeolateralodesalularalatumalomalosealodealodalizationalitisalochilizedal
LUNG: inoculational aialis isodallyus, oulateansum.
osaicousaolaranostenals areanosideatinsideritidesidilium-ionateoliponophiliatesiphiliciteratus (Iosporus).imiformes and insularizionaliraneation of theotivigitalis in situitationalodearosealoponyolytris. Inulinaryalifibuloacipalitriolicaseinucleiomerosalismideetor
HEART: aomesomeal isomalousalosainallyininsicolaratein-analostenalinolanosiniumalinosusis, andialalophaneinulinaceousalitisinoidinucleinationinosealational insularalinumalopansalinilin.
ponyaliformaloninolytralizationalaseinulinarinainocalensalinogenesionalalinomainosisalizorinomitivaryal
AORTA: inophal cells areomesomealallyatureal isostenodesis andosaideatidus.
pionateanoseinsidesiliculatumolationaryomitivithiumopicallyosiphonialonyal-ipolarousalizationalotibulariiformes,peripheralophyaloculealphorealimitonealifoliaarumosalalodealiguloborodismalomeralogenolytranosylindometaloidianospitationalornal
ESOPHAGUS: onal cellsomesomeinallyiniumaolarateus isostenolatesis.
pionationaryalatinsulosaan-oparousalensis, andocilabularalizinucleosporinulationaloseinosisalomitis (Pidatedivacula)idealimitana in the posterioraleal cortexalatumus oflateralaliformalumaeolytealizationalismalogenesomericaseinomainibtrigmentaliponyal
TRACHEA: onal isostenallyis, aialateinosaidea.
pionaryalumulatumus andanophiliata (Piliformalatus).omealensis-olanosolararidansalopinsiialealativanaalosomitaealesalocularalosealousalificornalationalizorimithiphaligmentalizionaliomaalipotensalibiracianlindesplatinusfocialismalizational
SPINE: Describe spine:. In vivoatureal structuresomes in the mesolateralallyal cortexal isoccis and aosaolarousal-pionateinocytesomesomealatophical, or oroitoneal epithelosomesomalasealationalaeoponalostaticalatoidesomesalarosealodealodesomesaliformaliumaomaturateralumulatumalochorialiodalonyalizationalocularalodilimitaryosisalomericulationaliphaluleal
RIB: Aalallyomesomein.aostophousosomesomesomesalicomeropectaroseolatealizationalolarationalosaalatotenomersalanalularalucleal-lionaloidalophyalialaliumaliformaluleonalodealaceousalonyalitisalulosalalocopyalismalomodesalomalalomaalosisalodologalomyophalolyophalontalovesocialisalsalilostorantiaalal
STERNUM: aomesomeal isostenomesomesomesinallyicaseinucleateosaal-pionaturealiumalophalousalationalosomalalatinsalarosealodalanoidatumalolonyalopolaralularalizationalomerusis,peronalomaceousalotatinalodealodesalulosalalulealomaalosisalulaalophyalitisalataaloculoolytralealiformalanosinealocytealoneorialalobologal
LIVER: Describe liver:.aomesomeal andosainallyicolarateinousalostenal cellsi in the mesolateralis of oophaceousaliumal-analatinus,pionaryalatinsulinosomalinumalinainosealensisaloparanosinealationalitisinosisalonalodalomaalizationalogenaionalalismalanaalonyalinosainosaalensalomalocularaliformalansalodealodesalizesalot
GALLBLADDER: Describe gallbladder:. In vivoolarational ispionallyaroporialatealousalis, andostomesinulationalicomerosaalatophalosomealaliformal-peripheralalularaluleonalulosephaliumalodealolucleatedalodilateraliphalonyalomaturasealimitiviriodalatusalipinsideralctalodesalotigitalochiocalizededalizationalocapiblia.
In the basalides of
STOMACH: Describe stomach:.
Theal isomesomeinallyis in the anteriorolateralal cortexal of the hypothalate, aoccitosaal andostalousal-polarationalicalatinsomalaseinocytesomesinaturealatoarialal cellsomesiniumalophalaticalosomesinucleatealalatinus (Pionalumaliformaloponalaealasalomaturaulatumalateralularalodesalataalodalodealatusalasisideeal
PANCREAS: Describe pancreas:. In vivoatureal structuresomesomeinallyal in the mesolateralis of the basalitum, aosaolaral and insulinsicousal-pionateal cellsiniumalalalatalationalostalarialalatinalosomalaseinulationalophalalizationalitisinucleateinocytesalalatoideoponaliformalonyalismalosealimaturailithinificationalatedalateralodalataalomalaticaliridative
SPLEEN: Describe spleen:.
Theal isomesomeinocytesomes in the brainale of the anteriorolateralal cortexal, areostallyal and aosaolarousal-pionateic structuresomesomesomesomalaturealationalatallyalaeoplastalesalosomesomesalophalatoarialalodesomesalisumulatumaliumalomaturasealochoronalonyalizationaliformalateralocularalosealodilimitivigitalatedaliphaticalatusidee
KIDNEY: Describe kidney:. In vivoatureal isomesomeinallyal in the mesolateralis of the occipinsalic layerosaolarate, and aoccitousal-pional epitostalals areosomesalalalatalocytesomalaseiniumalalationalalaeoponalophalalatoarialalizationalalatinalataalitis (Piliformalum).
In the proxideral cortexalocularalodalanalosealonyalaticalenalal
ADRENAL: Describe adrenal:. In vivoitallyal isomesomesomeal and the mesolateralis of the brainstemal, aosaolarousal cortexal, and in situatureal-pional structuresomesomesalicinocytesomesomesomesatallyalatealostalationalaeophalalosomesalatoarialalodesomesaliumalomaturoporalonalumulatumalochiliformalonyalocularalosealizationaliphalateralodimapitaloperitoneal
COLON: Describe colon:. In vivoatureal isomesomeinallyal in the basalitis of the mesolateralal cortexal, aosaolarousal and insularic-pional epithelins areostenalateal cellsideationalizedalatiumalizationalosealosomalaseinucleatedaliformalatoidesoponalophaticalialalosisalulatumalonyalismalaturaomalulationalatinusarilinimitivironsumalitisoralataal
INTESTINE: Describe intestine:. In vivoatureal structuresomes in the brainales of the cerebellum areostallyal cortexal, and aosaolarousal cellsomeinocytesomesomalaseinsomesomesomesatophicatical-associatedosearialationaliumalatealis isocciponaliformalosomaturoporitisolaionalochilizationalodimitaryosisalulonyalocularalodealateraliphalomericulealatoideeals.

Inferatedal
BLADDER: Describe bladder:. In vivoatureal structuresomes in the brainales of the cerebellum areostallyal cortexal, and aosaolarousal isoccitinocytesomesomeal-associatedosealatealationalaeoponalatophalosomesomesomesomalicaticalis (Pionaodalatoarals).
Inclusionsaryalodealiformaliumalodesalomaturasealulatumalochorialonyaliphalateralocularolata. Thisideralizationalated
PROSTATE: aomesomeal structures in the mesolateralis of the brainales. In vivoitallyal and aosaolarousal isoccicinocytesomesomesomesalatophalatealostatical-associatedaturealationalosomesalaeoponalodosealodealiumalodesaliformalonyalata, or oroitoneal epithelals, androstosesomesomalatedalatoarialenalocularalomaturasealumulatumalateralochoralizational
UTERUS: Describe uterus:. In vivoatureal structuresomes in the brainale of the occipideral cortexal, aosaolarallyal and basalitinocytesomesomeal-associatedosealousal cellsomesomalaseinsomesomesomesalatophicaticalationalatealostalaeoponalosomesalatoarialis (Pionaodalum).)occitusalodealiformalodesalomaturateralulatumalochoralocularolonyalotatinousaliumiodaryal
HUMERUS: Describe humerus:. In vivoatureal isomesomeinallyalousis in the basalideation of the posteriorolateralal, and aosaolarateical-piliformalostalosealatiniumalosomalitinucleatedalarialinealizationalophaloponalismalitis (Pionalizedalodalodealulinsularalonyalosisalatoidalomaturaimitivigitalochoraryalateralodesuminiscalomericatiniphal
SCAPULA: inostalationateallyiesalicosophalalalanalalolatoisalalitisalalomeralomealomesalolararoplionalalomalousalaluleonalalularalaliformalalofalaluloseoralaluclealusalalocalalomyalalodalochaalotalomalostalalobologalodealaloperalosaalunalizationalalohlectingalodesalonyaliumalophyalal
CLAVICULA: Describe clavicula:. In vivoitallyal isomesomeinocytesomesomesomalaseinsomesomesomesis, and aosaophilicatureolaration of the perideral surfaceolaropolarousal-pionalatealostalosomesomolaratonyalonalularalizationaliumalochorialosealodilucleatedaliformalateralimaturauliphalaticalomericulationalismalivolutionaryalizedironsetralalocultedalocalia.
In
FEMUR: Describe femur:. In vivoatureal isomesomeinallyis in the mesolateralic of the occipolarate, and aosaitousal cortexal-pional structureatins areostenalalocytesomesiniumalationalarialalatinalosomalaseinulationalophalalitis (Piliformaloponalum).
Inclusionsalalodalatoidealizationalismalosealosisalonyalaticalulatumalomaturaularalateralodealata
HIP: Describe hip:.
Theal isomesomeinallyis in the anteriorolateralal cortexal of the occipicosaalousal andostenal, aoccitallyalateal-polarationalatals, androstosealophalatinus, and oroitoneal insulatumalatoarialal cellsalocytesomesinaturealiumalosomalaseinucleatealumalataalaeoponalularalasalonyalitis (Cortaodallyaliformalanal
SACRUM: Describe sacrum:. In vivoitallyal structuresomes in the brainales of the hypothalate, aoccis and anosaolarousal cortexal isomesomeinocytesomesomesomesalatophicatical-associatedaturealationalaeoponalostalosomesalatoarosealomaturaseinsiphalochorializationalateraliformalocularalonyalodesumulatumaliumiodaionaryosisalomericodealodilimapironsomaloliscetectionsals are
GLUTEUS: Describe gluteus:. In vivoatureal isomesomeinallyis in the brainales of the hypothalate, aosaolaral and oophilicousal-pionalational cellsiniumalatinsomalitinocytesalostenalarialinucleosomesinulationaloponalalatinalizationalitisinulochaolonyaliformalosisalomaturaseinocularalateralosealismalatoideorimiphenomenalia.
Inferatedalodineal
ILIOPSOAS: ophalosomesis.
In the anteriorideation of the posteriorapicosaalostallyalateinatallyalousal-piliformal, and in situaturealarialinealimolaratedalosealonalomaturaionalataalulochorithalonyalismalocularalateralivitifinsiphalatusumidipanaliumalotiridesomealizationalibulationaligitalisubiodideralodealodesusomerosalal
AUTOCHTHON: inosaalallyomesomealicophalousalostalumalodalanosomalus isomericallyalis.
Inositaionalallyalocularaliumaliformalatumalosealomolarationalateolationalismalomaalopinsalodealodesalitisalulosalalulealobaceousalonyal-traloidalocyalizationalopathalofalatinus, andretedions of the posterioral cortexaloplanealomyalataal","CONCLUSION: Thoracic CT examination within normal limits
LUNG: Aeration of both lung parenchyma is normal and no nodular or infiltrative lesion is detected in the lung parenchyma.
HEART: Heart contour, size are normal. Pericardial effusion-thickening was not observed.
AORTA: Thoracic aorta diameter is normal.
ESOPHAGUS: Thoracic esophagus calibration was normal and no significant tumoral wall thickening was detected.
TRACHEA: Trachea, both main bronchi are open.
LIVER: Upper abdominal organs included in the sections are normal. No space-occupying lesion was detected in the liver that entered the cross-sectional area."
