patient_id,report
valid_730_a_1,"Patient: valid_730_a_1
[CONCLUSION]: This is the first time that we have been able to detect a significant increase in the number of tumors in the lung.

The tumor was found in the middle part of the lung, and there were no differences between the two groups. The size of the tumor was not significantly different between the two groups. There were no changes in the size of the tumor in either group. In addition, there were no changes in the size of the tumor in either group.

In this study, we observed a significant increase in the size of the tumor in both groups. The size of the tumor was not significantly different between the two groups. The size of the tumor was not significantly different between the two groups
[BRAIN]: This is a rush transcript. Copy may not be in its final form.

AMY GOODMAN: This is Democracy Now!, democracynow.org, The War and Peace Report. I'm Amy Goodman. I'm Amy Goodman, with Juan González.

JUAN GONZÁLEZ: Well, first of all, we're going to talk about what's happening in Syria right now. We're talking about President Bashar al-Assad's use of chemical weapons against his own people. He has used chemical weapons against his own people. And the United Nations says that he's responsible for the deaths of more than 1,000 people. In fact, there are reports that
[FACE]: This is a rush transcript. Copy may not be in its final form.

AMY GOODMAN: This is Democracy Now!, democracynow.org, The War and Peace Report. I'm Amy Goodman. I'm Amy Goodman, with Juan González.

JUAN GONZÁLEZ: Well, first of all, we're going to talk about what's happening in Syria right now. We're talking about President Bashar al-Assad's use of chemical weapons against his own people. He has used chemical weapons against his own people. And the United Nations says that he's responsible for the deaths of more than 1,000 people. In fact, there are reports that
[LUNG]: A new study has shown that there is no difference in the size of the lungs between men and women.

The findings suggest that both sexes have different types of pulmonary fibrosis.

Both sexes have different types of pulmonary fibrosis. Both sexes have different types of pulmonary fibrosis.

Both sexes have different types of pulmonary fibrosis.

Both sexes have different types of pulmonary fibrosis.

Both sexes have different types of pulmonary fibrosis.

Both sexes have different types of pulmonary fibrosis.

Both sexes have different types of pulmonary fibrosis.

Both sexes have different types of pulmonary fibrosis.

Both sexes have different types of pulmonary fib
[HEART]: Description:

The main artery in the left coronary artery is normal. The right coronary artery is normal. The left coronary artery is normal. The left coronary artery is normal. The left coronary artery is normal. The left coronary artery is normal. The left coronary artery is normal. The left coronary artery is normal. The left coronary artery is normal. The left coronary artery is normal. The left coronary artery is normal. The left coronary artery is normal. The left coronary artery is normal. The left coronary artery is normal. The left coronary artery is normal. The left coronary artery is normal. The left coronary artery is normal. The left coronary artery is normal. The left coronary artery is normal.
[AORTA]: Description:

Aorta is an important part of the heart. The main artery is located in the esophagus. The main artery is located in the esophagus. The main artery is located in the esophagus. The main artery is located in the esophagus. The main artery is located in the esophagus. The main artery is located in the esophagus. The main artery is located in the esophagus. The main artery is located in the esophagus. The main artery is located in the esophagus. The main artery is located in the esophagus. The main artery is located in the esophagus. The main artery is located
[ESOPHAGUS]: Description:

The main artery in the esophagus is closed. The main artery is open. The main artery is closed. The main artery is closed. The main artery is closed. The main artery is closed. The main artery is closed. The main artery is closed. The main artery is closed. The main artery is closed. The main artery is closed. The main artery is closed. The main artery is closed. The main artery is closed. The main artery is closed. The main artery is closed. The main artery is closed. The main artery is closed. The main artery is closed. The main artery is closed. The main artery is closed. The main artery is closed.
[TRACHEA]: The main artery in the esophagus is normal. The main artery is normal. The main artery is normal. The main artery is normal. The main artery is normal. The main artery is normal. The main artery is normal. The main artery is normal. The main artery is normal. The main artery is normal. The main artery is normal. The main artery is normal. The main artery is normal. The main artery is normal. The main artery is normal. The main artery is normal. The main artery is normal. The main artery is normal. The main artery is normal. The main artery is normal. The main artery is normal. The main artery is normal. The main artery is
[SPINE]: This is a rush transcript. Copy may not be in its final form.

AMY GOODMAN: This is Democracy Now!, democracynow.org, The War and Peace Report. I'm Amy Goodman. I'm Amy Goodman, with Juan González.

JUAN GONZÁLEZ: Well, first of all, we're going to talk about what's happening in Syria right now. We're talking about President Bashar al-Assad's use of chemical weapons against his own people. He has used chemical weapons against his own people. And the United Nations says that he's responsible for the deaths of more than 1,000 people. In fact, there are reports that
[RIB]: This is the first time that I've been able to write a novel. The main focus of my work has been on the structure and function of the brainstem wall.

I am not aware of any significant changes in the structure or function of the brainstem wall.

There are no significant changes in the structure or function of the brainstem wall.

No significant changes in the structure or function of the brainstem wall were observed during the study period.

The volume of the brainstem wall was normal.

No significant changes in the structure or function of the brainstem wall were observed during the study period.

The volume of the brainstem wall was normal.
[STERNUM]: Image copyright Getty Images Image caption The main artery in the right side of the brain was damaged.

The main artery in the right side of the brain was damaged.

The main artery in the right side of the brain was damaged.

The main artery in the right side of the brain was damaged.

The main artery in the right side of the brain was damaged.

The main artery in the right side of the brain was damaged.

The main artery in the right side of the brain was damaged.

The main artery in the right side of the brain was damaged.

The main artery in the right side of the brain was damaged.
[LIVER]: Description:

This is the first of a series of two-dimensional structures in the brain that have been identified by CT scan. The size and shape of these structures are similar to those of normal cerebral blood vessels. The size and shape of these structures are similar to normal cerebral blood vessels. The size and shape of these structures are similar to normal cerebral blood vessels. The size and shape of these structures are similar to normal cerebral blood vessels. The size and shape of these structures are similar to normal cerebral blood vessels. The size and shape of these structures are similar to normal cerebral blood vessels. The size and shape of these structures are similar to normal cerebral blood vessels. The size and shape of these structures
[GALLBLADDER]: This is a rush transcript. Copy may not be in its final form.

AMY GOODMAN: This is Democracy Now!, democracynow.org, The War and Peace Report. I'm Amy Goodman. I'm Amy Goodman, with Juan González.

JUAN GONZÁLEZ: Well, first of all, we're going to talk about what's happening in the United States right now. You know, President Trump has called for an investigation into Russia's interference in the 2016 presidential election. He said he wants to see if there was any collusion between the Trump campaign and Russia. And you know, it's hard to say whether that's true or not.
[STOMACH]: Description:

The main body structure of the liver is normal and normal. The liver contains a large volume of hepatotropharyngeal fat, which is normal in the liver. The liver contains a large volume of hepatotropharyngeal fat, which is normal in the liver. The liver contains a large volume of hepatotropharyngeal fat, which is normal in the liver. The liver contains a large volume of hepatotropharyngeal fat, which is normal in the liver. The liver contains a large volume of hepatotropharyngeal fat, which is normal in the liver. The liver contains a large volume of hepatotropharyngeal fat,
[PANCREAS]: This is a rush transcript. Copy may not be in its final form.

AMY GOODMAN: This is Democracy Now!, democracynow.org, The War and Peace Report. I'm Amy Goodman. I'm Amy Goodman, with Juan González.

JUAN GONZÁLEZ: Well, first of all, we're going to talk about what's happening in the United States right now. You know, President Trump has called for an investigation into Russia's interference in the 2016 presidential election. He said he wants to see if there was any collusion between the Trump campaign and Russia. And you know, it's hard to say whether that's true or not.
[SPLEEN]: This is the first time that we have been able to detect a significant increase in blood flow in the liver. The liver was not affected by any of the normal vascular structures. We observed a significant increase in the volume of the liver, which was similar to that seen in the normal liver. The liver was not affected by any of the normal vascular structures. The liver was not affected by any of the normal vascular structures. The liver was not affected by any of the normal vascular structures. The liver was not affected by any of the normal vascular structures. The liver was not affected by any of the normal vascular structures. The liver was not affected by any of the normal vascular structures. The liver was not affected
[KIDNEY]: This is a rush transcript. Copy may not be in its final form.

AMY GOODMAN: This is Democracy Now!, democracynow.org, The War and Peace Report. I'm Amy Goodman. I'm Amy Goodman, with Juan González.

JUAN GONZÁLEZ: Well, first of all, we're going to talk about what's happening in Syria right now. We're talking about President Bashar al-Assad's use of chemical weapons against his own people. He has used chemical weapons against his own people. And the United Nations says that Assad has used chemical weapons against his own people. What do you think?

JUAN G
[ADRENAL]: This is a rush transcript. Copy may not be in its final form.

AMY GOODMAN: This is Democracy Now!, democracynow.org, The War and Peace Report. I'm Amy Goodman. I'm Amy Goodman, with Juan González.

JUAN GONZÁLEZ: Well, first of all, we're going to talk about what's happening in the United States right now. You know, President Trump has called for an investigation into Russia's interference in the 2016 presidential election. He said he wants to see if there was any collusion between the Trump campaign and Russia. And you know, it's hard to say whether that's true or not.
[COLON]: This is the third time in a row that we have seen an increase in the number of vertebral arteries in the right side of the abdomen. The size of the right side of the abdomen was not significantly different from that of the right side of the abdomen, and there were no significant differences between the left and right hemispheres. In the right side of the abdomen, there were no significant differences between the left and right hemispheres.

In the right side of the abdomen, there were no significant differences between the left and right hemispheres. In the right side of the abdomen, there were no significant differences between the left and right hemispheres. In the right side of the
[INTESTINE]: This is a rush transcript. Copy may not be in its final form.

AMY GOODMAN: This is Democracy Now!, democracynow.org, The War and Peace Report. I'm Amy Goodman. I'm Amy Goodman, with Juan González.

JUAN GONZÁLEZ: Well, first of all, we're going to talk about what's happening in Syria right now. We're talking about President Bashar al-Assad's use of chemical weapons against his own people. He has used chemical weapons against his own people. And the United Nations has called for an international investigation into whether he used chemical weapons against his own people.

Now, there are
[BLADDER]: This is a rush transcript. Copy may not be in its final form.

AMY GOODMAN: This is Democracy Now!, democracynow.org, The War and Peace Report. I'm Amy Goodman. I'm Amy Goodman, with Juan González.

JUAN GONZÁLEZ: Well, first of all, we're going to talk about what's happening in Syria right now. We're talking about President Bashar al-Assad's use of chemical weapons against his own people. He has used chemical weapons against his own people. And the United Nations has called for an international investigation into whether he was responsible for the attack on Khan Sheikhoun, which killed more than
[PROSTATE]: This is a rush transcript. Copy may not be in its final form.

AMY GOODMAN: This is Democracy Now!, democracynow.org, The War and Peace Report. I'm Amy Goodman. I'm Amy Goodman, with Juan González.

JUAN GONZÁLEZ: Well, let's talk about the war in Syria. You know, President Obama has said that he wants to see an end to the use of chemical weapons against civilians in Syria. But what does that mean for the United States?

JUAN GONZÁLEZ: Well, first of all, it means that the United States will no longer be able
[UTERUS]: This is a rush transcript. Copy may not be in its final form.

AMY GOODMAN: This is Democracy Now!, democracynow.org, The War and Peace Report. I'm Amy Goodman. I'm Amy Goodman, with Juan González.

JUAN GONZÁLEZ: Well, first of all, we're going to talk about what's happening right now in the United States. We've seen an unprecedented level of violence against women across the country. In New York City alone, more than 1,000 women have been killed by police since the start of the year, according to data from the National Crime Victimization Survey. That's up from just
[HUMERUS]: This is a rush transcript. Copy may not be in its final form.

AMY GOODMAN: This is Democracy Now!, democracynow.org, The War and Peace Report. I'm Amy Goodman. I'm Amy Goodman, with Juan González.

JUAN GONZÁLEZ: Well, first of all, we're going to talk about what's happening in the United States right now. You know, President Trump has called for an investigation into Russia's interference in the 2016 presidential election. He said he wants to see if there was any collusion between the Trump campaign and Russia. And you know, it's hard to say whether that's true or not.
[SCAPULA]: Abstract:

Aorta are normal in the liver. Aorta are normal in the liver. The liver is normal in the liver. The liver is normal in the liver. The liver is normal in the liver. The liver is normal in the liver. The liver is normal in the liver. The liver is normal in the liver. The liver is normal in the liver. The liver is normal in the liver. The liver is normal in the liver. The liver is normal in the liver. The liver is normal in the liver. The liver is normal in the liver. The liver is normal in the liver. The liver is normal in the liver. The liver is normal in the liver
[CLAVICULA]: This is a rush transcript. Copy may not be in its final form.

AMY GOODMAN: This is Democracy Now!, democracynow.org, The War and Peace Report. I'm Amy Goodman. I'm Amy Goodman, host of The War and Peace Report. We're talking about the war in Syria, which has killed more than 2,000 people since the start of the uprising against President Bashar al-Assad in March 2011. It's been described as ""the worst humanitarian disaster in human history."" What do you mean by that?

JUAN GONZÁLEZ: Well, first of all, we have to remember that there was no military solution to the crisis
[FEMUR]: This is a rush transcript. Copy may not be in its final form.

AMY GOODMAN: This is Democracy Now!, democracynow.org, The War and Peace Report. I'm Amy Goodman. I'm Amy Goodman, with Juan González.

JUAN GONZÁLEZ: Well, let's talk about the war in Syria. You know, President Obama has said that he wants to see an end to the use of chemical weapons by the Syrian government. But what does that mean for you?

JUAN GONZÁLEZ: Well, first of all, it means that we're going to have to stop using chemical weapons
[HIP]: This is a rush transcript. Copy may not be in its final form.

AMY GOODMAN: This is Democracy Now!, democracynow.org, The War and Peace Report. I'm Amy Goodman. I'm Amy Goodman, with Juan González.

JUAN GONZÁLEZ: Well, let's talk about the war in Syria. You know, President Obama has said that he wants to see an end to the use of chemical weapons against civilians in Syria. But what does that mean for the United States?

JUAN GONZÁLEZ: Well, first of all, it means that the United States will no longer be able
[SACRUM]: This is a rush transcript. Copy may not be in its final form.

AMY GOODMAN: This is Democracy Now!, democracynow.org, The War and Peace Report. I'm Amy Goodman. I'm Amy Goodman, with Juan González.

JUAN GONZÁLEZ: Well, first of all, we're going to talk about what's happening in the United States right now. You know, President Trump has called for an investigation into Russia's interference in the 2016 presidential election. He said he wants to see if there was any collusion between the Trump campaign and Russia. And you know, it's hard to say whether that's true or not.
[GLUTEUS]: This is a rush transcript. Copy may not be in its final form.

AMY GOODMAN: This is Democracy Now!, democracynow.org, The War and Peace Report. I'm Amy Goodman. I'm Amy Goodman, with Juan González.

JUAN GONZÁLEZ: Well, first of all, we're going to talk about what's happening in the United States right now. You know, President Trump has called for an investigation into Russia's interference in the 2016 presidential election. He said he wants to see if there was any collusion between the Trump campaign and Russia. And you know, it's hard to say whether that's true or not.
[ILIOPSOAS]: iliopsoas is a term used to refer to an individual who has been diagnosed with multiple sclerosis (MS).

Symptoms of MS include loss of consciousness, weakness, numbness, and/or tingling in the hands or feet. The symptoms may last for up to 24 hours.

Symptoms of MS include loss of consciousness, weakness, numbness, and/or tingling in the hands or feet. The symptoms may last for up to 24 hours. Signs and symptoms of MS include:

Weakness

Tingling in the hands or feet

Blurred vision

Difficulty breathing

Loss of appetite

Nausea
[AUTOCHTHON]: Abstract:

In this study, we examined the vascular structure of the heart. We found a large volume of blood vessels were present in the coronary arteries. The size of the heart was not affected by atheroscholesterolosis. In addition, the thickness of the heart was not affected by atheroscholesterolosis. Aortic artery stenosis was not observed in the coronary arteries. Hemostasis was not observed in the coronary arteries. Blood volume was not affected by atheroscholesterolosis. Heart-normality was not observed in the coronary arteries. There was no significant increase in the volume of the heart. No significant increase in the volume of the heart was observed in
"
valid_75_a_1,"Patient: valid_75_a_1
[CONCLUSION]: This is the first of a two-part series in which we will examine the relationship between blood pressure and cardiovascular disease.

Blood pressure has been shown to be an important risk factor for coronary heart disease (CVD) in both men and women. However, there is no clear association between blood pressure and CVD in both men and women. In addition, there is no clear association between blood pressure and atherosclerosis in both men and women. There is no clear association between blood pressure and diabetes mellitus in both men and women.

In our previous study, we found no association between blood pressure and diabetes mellitus in both men and women. However, there is no clear association between
[BRAIN]: This is a rush transcript. Copy may not be in its final form.

AMY GOODMAN: This is Democracy Now!, democracynow.org, The War and Peace Report. I'm Amy Goodman. I'm Amy Goodman, with Juan González.

JUAN GONZÁLEZ: Well, first of all, we're going to talk about what's happening in Syria right now. We're talking about President Bashar al-Assad's use of chemical weapons against his own people. He has used chemical weapons against his own people. And the United Nations says that he's responsible for the deaths of more than 1,000 people. In fact, there are reports that
[FACE]: This is a rush transcript. Copy may not be in its final form.

AMY GOODMAN: This is Democracy Now!, democracynow.org, The War and Peace Report. I'm Amy Goodman. I'm Amy Goodman, with Juan González.

JUAN GONZÁLEZ: Well, first of all, we're going to talk about what's happening in Syria right now. We're talking about President Bashar al-Assad's use of chemical weapons against his own people. He has used chemical weapons against his own people. And the United Nations says that he's responsible for the deaths of more than 1,000 people. In fact, there are reports that
[LUNG]: A new study has found that the most common cause of pneumonia in patients with chronic bronchiectasis is pulmonary edema.

Pulmonary edema is a common cause of acute bronchiectasis, but it is not clear whether pulmonary edema is associated with pulmonary edema.

The authors suggest that pulmonary edema may be related to pulmonary edema.

In patients with chronic bronchiectasis, there is no evidence of pulmonary edema. The authors suggest that pulmonary edema may be associated with pulmonary edema.

In patients with chronic bronchiectasis, there is no evidence of pulmonary edema. The authors suggest that pulmonary edema may be associated
[HEART]: A new study has revealed that the brain structure and function of the hypothalamus are not affected by alcohol consumption.

In a previous study, there was no significant change in the liver cirrhosis detected in the liver. In this study, the liver cirrhosis was not observed in the liver. The liver cirrhosis was not observed in the liver. The liver cirrhosis was not observed in the liver. The liver cirrhosis was not observed in the liver. The liver cirrhosis was not observed in the liver. The liver cirrhosis was not observed in the liver. The liver cirrhosis was not observed in the liver. The liver cirrhosis was not observed
[AORTA]: In this study, we examined the structure and function of the trachea. The trachea is an important component of the trachea. We found that the trachea was not affected by any of the following conditions:

1. Aorta: erythroplasty was not detected in the trachea.

2. Aorta: erythroplasty was not detected in the trachea.

3. Aorta: erythroplasty was not detected in the trachea.

4. Aorta: erythroplasty was not detected in the trachea.

5. Aort
[ESOPHAGUS]: A new study has shown that the brainstem is not damaged.

In a previous study, it was found that there was no damage to the brainstem.

The current study shows that the brainstem is not damaged.

There were no changes in the structure of the brainstem.

It was also found that there was no change in the structure of the brainstem.

The present study showed that the brainstem is not damaged.

There were no changes in the structure of the brainstem.

The present study showed that the brainstem is not damaged.

There were no changes in the structure of the brainstem.

The present study
[TRACHEA]: A new study has shown that the main artery in the esophagus is not damaged. The main artery in the esophagus is not damaged. The main artery in the esophagus is not damaged. The main artery in the esophagus is not damaged. The main artery in the esophagus is not damaged. The main artery in the esophagus is not damaged. The main artery in the esophagus is not damaged. The main artery in the esophagus is not damaged. The main artery in the esophagus is not damaged. The main artery in the esophagus is not damaged. The main artery in the esophagus is not damaged. The main artery
[SPINE]: This is a rush transcript. Copy may not be in its final form.

AMY GOODMAN: This is Democracy Now!, democracynow.org, The War and Peace Report. I'm Amy Goodman. I'm Amy Goodman, with Juan González.

JUAN GONZÁLEZ: Well, first of all, we're going to talk about what's happening in Syria right now. We're talking about President Bashar al-Assad's use of chemical weapons against his own people. He has used chemical weapons against his own people. And the United Nations says that he's responsible for the deaths of more than 1,000 people. In fact, there are reports that
[RIB]: A new study has found that the most common cause of death in patients with chronic obstructive pulmonary disease (COPD) is coronary atherosclerosis.

The study, published in the Journal of the American Thoracic Society, was carried out in a small group of patients with COPD who had been treated with anti-atherosclerotic medication.

Patients with COPD were divided into two groups: those with COPD who had been treated with anti-atherosclerotic medication and those with COPD who had not been treated with anti-atherosclerotic medication.

In both groups, there was a significant increase in the number of deaths
[STERNUM]: A new study has revealed that the brain structure of the hippocampus is not normal.

The findings suggest that there is a significant increase in the volume of the cerebral cortex, which is associated with an increase in the volume of the cerebrospinal fluid (CSF). The CSF was found to be normal in both the left and right hemispheres. In the left hemisphere, the volume of the left and right hemispheres were normal. In the right hemisphere, the volume of the left and right hemispheres were normal. In the right hemisphere, the volume of the left and right hemispheres were normal. In the right hemisphere, the volume of the left and right hemisp
[LIVER]: This is the first time that we have seen a patient in our clinic. We were not able to identify the patient at this time.

The patient was described as having a normal body mass index (BMI) of 30 kg/m2. The BMI was estimated from the right side of the abdomen and the left side of the abdomen. The biliary artery was located on the right side of the abdomen. The right side of the abdomen was also enlarged. The right side of the abdomen was also enlarged. The right side of the abdomen was also enlarged. The right side of the abdomen was also enlarged. The right side of the abdomen was also enlarged. The right side of the abdomen
[GALLBLADDER]: This is a rush transcript. Copy may not be in its final form.

AMY GOODMAN: This is Democracy Now!, democracynow.org, The War and Peace Report. I'm Amy Goodman. I'm Amy Goodman, with Juan González.

JUAN GONZÁLEZ: Well, first of all, we're going to talk about what's happening in the United States right now. You know, President Trump has called for an investigation into Russia's interference in the 2016 presidential election. He said he wants to see if there was any collusion between the Trump campaign and Russia. And you know, it's hard to say whether that's true or not.
[STOMACH]: A new study has shown that the human colonic epithelium contains a large number of small particles. These small particles have been found in the colonic mucosa, which is associated with an increased risk of colorectal cancer. The presence of these small particles in the colonic mucosa is associated with a higher risk of colorectal cancer. The presence of these small particles in the colonic mucosa is associated with a lower risk of colorectal cancer. The presence of these small particles in the colonic mucosa is associated with a lower risk of colorectal cancer. The presence of these small particles in the colonic mucosa is associated with a lower risk
[PANCREAS]: This is a rush transcript. Copy may not be in its final form.

AMY GOODMAN: This is Democracy Now!, democracynow.org, The War and Peace Report. I'm Amy Goodman. I'm Amy Goodman, with Juan González.

JUAN GONZÁLEZ: Well, first of all, we're going to talk about what's happening in the United States right now. You know, President Trump has called for an investigation into Russia's interference in the 2016 presidential election. He said he wants to see if there was any collusion between the Trump campaign and Russia. And you know, it's hard to say whether that's true or not.
[SPLEEN]: This is the first in a series of articles examining the effects of chronic bronchitis.

In this article, we will examine the effect of chronic bronchitis on the lung epithelium. We will also examine the effect of chronic bronchitis on the colonous system. We will also examine the effect of chronic bronchitis on the esophagus. We will also examine the effect of chronic bronchitis on the lymphatic system. We will also examine the effect of chronic bronchitis on the mucous system. We will also examine the effect of chronic bronchitis on the larynatic system. We will also examine the effect of chronic bronchitis on the tr
[KIDNEY]: This is a rush transcript. Copy may not be in its final form.

AMY GOODMAN: This is Democracy Now!, democracynow.org, The War and Peace Report. I'm Amy Goodman. I'm Amy Goodman, with Juan González.

JUAN GONZÁLEZ: Well, first of all, we're going to talk about what's happening in Syria right now. We're talking about President Bashar al-Assad's use of chemical weapons against his own people. He has used chemical weapons against his own people. And the United Nations says that Assad has used chemical weapons against his own people. What do you think?

JUAN G
[ADRENAL]: This is a rush transcript. Copy may not be in its final form.

AMY GOODMAN: This is Democracy Now!, democracynow.org, The War and Peace Report. I'm Amy Goodman. I'm Amy Goodman, with Juan González.

JUAN GONZÁLEZ: Well, first of all, we're going to talk about what's happening in the United States right now. You know, President Trump has called for an investigation into Russia's interference in the 2016 presidential election. He said he wants to see if there was any collusion between the Trump campaign and Russia. And you know, it's hard to say whether that's true or not.
[COLON]: This is a rush transcript. Copy may not be in its final form.

AMY GOODMAN: This is Democracy Now!, democracynow.org, The War and Peace Report. I'm Amy Goodman. I'm Amy Goodman, with Juan González.

JUAN GONZÁLEZ: Well, let's talk about the war in Syria. You know, President Obama has said that he wants to see an end to the use of chemical weapons against civilians in Syria. But what does that mean for the United States?

JUAN GONZÁLEZ: Well, first of all, it means that the United States will no longer be able
[INTESTINE]: This is a rush transcript. Copy may not be in its final form.

AMY GOODMAN: This is Democracy Now!, democracynow.org, The War and Peace Report. I'm Amy Goodman. I'm Amy Goodman, with Juan González.

JUAN GONZÁLEZ: Well, first of all, we're going to talk about what's happening in Syria right now. We're talking about President Bashar al-Assad's use of chemical weapons against his own people. He has used chemical weapons against his own people. And the United Nations has called for an international investigation into whether he used chemical weapons against his own people.

Now, there are
[BLADDER]: This is a rush transcript. Copy may not be in its final form.

AMY GOODMAN: This is Democracy Now!, democracynow.org, The War and Peace Report. I'm Amy Goodman. I'm Amy Goodman, with Juan González.

JUAN GONZÁLEZ: Well, first of all, we're going to talk about what's happening in Syria right now. We're talking about President Bashar al-Assad's use of chemical weapons against his own people. He has used chemical weapons against his own people. And the United Nations has called for an international investigation into whether he was responsible for the attack on Khan Sheikhoun, which killed more than
[PROSTATE]: This is a rush transcript. Copy may not be in its final form.

AMY GOODMAN: This is Democracy Now!, democracynow.org, The War and Peace Report. I'm Amy Goodman. I'm Amy Goodman, with Juan González.

JUAN GONZÁLEZ: Well, let's talk about the war in Syria. You know, President Obama has said that he wants to see an end to the use of chemical weapons against civilians in Syria. But what does that mean for the United States?

JUAN GONZÁLEZ: Well, first of all, it means that the United States will no longer be able
[UTERUS]: This is a rush transcript. Copy may not be in its final form.

AMY GOODMAN: This is Democracy Now!, democracynow.org, The War and Peace Report. I'm Amy Goodman. I'm Amy Goodman, with Juan González.

JUAN GONZÁLEZ: Well, first of all, we're going to talk about what's happening right now in the United States. We've seen an unprecedented level of violence against women across the country. In New York City alone, more than 1,000 women have been killed by police since the start of the year, according to data from the National Crime Victimization Survey. That's up from just
[HUMERUS]: This is a rush transcript. Copy may not be in its final form.

AMY GOODMAN: This is Democracy Now!, democracynow.org, The War and Peace Report. I'm Amy Goodman. I'm Amy Goodman, with Juan González.

JUAN GONZÁLEZ: Well, first of all, we're going to talk about what's happening in the United States right now. You know, President Trump has called for an investigation into Russia's interference in the 2016 presidential election. He said he wants to see if there was any collusion between the Trump campaign and Russia. And you know, it's hard to say whether that's true or not.
[SCAPULA]: This is the first time that I have been in a relationship with a woman.

I am not aware of any sexual attraction to a man.

I am not aware of any sexual attraction to a man.

I am not aware of any sexual attraction to a man.

I am not aware of any sexual attraction to a man.

I am not aware of any sexual attraction to a man.

I am not aware of any sexual attraction to a man.

I am not aware of any sexual attraction to a man.

I am not aware of any sexual attraction to a man.

I am not aware of any sexual attraction to a man
[CLAVICULA]: This is a rush transcript. Copy may not be in its final form.

AMY GOODMAN: This is Democracy Now!, democracynow.org, The War and Peace Report. I'm Amy Goodman. I'm Amy Goodman, host of The War and Peace Report. We're talking about the war in Syria, which has killed more than 2,000 people since the start of the uprising against President Bashar al-Assad in March 2011. It's been described as ""the worst humanitarian disaster in human history."" What do you mean by that?

JUAN GONZÁLEZ: Well, first of all, we have to remember that there was no military solution to the crisis
[FEMUR]: This is a rush transcript. Copy may not be in its final form.

AMY GOODMAN: This is Democracy Now!, democracynow.org, The War and Peace Report. I'm Amy Goodman. I'm Amy Goodman, with Juan González.

JUAN GONZÁLEZ: Well, let's talk about the war in Syria. You know, President Obama has said that he wants to see an end to the use of chemical weapons by the Syrian government. But what does that mean for you?

JUAN GONZÁLEZ: Well, first of all, it means that we're going to have to stop using chemical weapons
[HIP]: This is a rush transcript. Copy may not be in its final form.

AMY GOODMAN: This is Democracy Now!, democracynow.org, The War and Peace Report. I'm Amy Goodman. I'm Amy Goodman, with Juan González.

JUAN GONZÁLEZ: Well, let's talk about the war in Syria. You know, President Obama has said that he wants to see an end to the use of chemical weapons against civilians in Syria. But what does that mean for the United States?

JUAN GONZÁLEZ: Well, first of all, it means that the United States will no longer be able
[SACRUM]: This is a rush transcript. Copy may not be in its final form.

AMY GOODMAN: This is Democracy Now!, democracynow.org, The War and Peace Report. I'm Amy Goodman. I'm Amy Goodman, with Juan González.

JUAN GONZÁLEZ: Well, first of all, we're going to talk about what's happening in the United States right now. You know, President Trump has called for an investigation into Russia's interference in the 2016 presidential election. He said he wants to see if there was any collusion between the Trump campaign and Russia. And you know, it's hard to say whether that's true or not.
[GLUTEUS]: This is a rush transcript. Copy may not be in its final form.

AMY GOODMAN: This is Democracy Now!, democracynow.org, The War and Peace Report. I'm Amy Goodman. I'm Amy Goodman, with Juan González.

JUAN GONZÁLEZ: Well, first of all, we're going to talk about what's happening in the United States right now. You know, President Trump has called for an investigation into Russia's interference in the 2016 presidential election. He said he wants to see if there was any collusion between the Trump campaign and Russia. And you know, it's hard to say whether that's true or not.
[ILIOPSOAS]: iliopsoas is a term used to refer to an individual who has been diagnosed with multiple sclerosis (MS).

Symptoms of MS include loss of consciousness, weakness, numbness, and/or tingling in the hands or feet. The symptoms may last for up to 24 hours.

Symptoms of MS include loss of consciousness, weakness, numbness, and/or tingling in the hands or feet. The symptoms may last for up to 24 hours. Signs and symptoms of MS include:

Weakness

Tingling in the hands or feet

Blurred vision

Difficulty breathing

Loss of appetite

Nausea
[AUTOCHTHON]: This is the first time that a patient has been admitted to the ICU. The patient was in a stable condition, with normal blood flow and normal liver function. No significant changes were observed in the liver histology.

No significant changes were observed in the liver histology.

No significant changes were observed in the liver histology.

No significant changes were observed in the liver histology.

No significant changes were observed in the liver histology.

No significant changes were observed in the liver histology.

No significant changes were observed in the liver histology.

No significant changes were observed in the liver histology.

No significant changes were
"
valid_999_a_1,"Patient: valid_999_a_1
[CONCLUSION]: This is the first time that we have seen any signs of infection in the lungs.

We are not sure if there is a pulmonary embolumation. We do not know if there is a pulmonary embolumation.

There is no indication of lung inflammation. There is no evidence of bronchiectasis.

No significant changes were observed in the lungs.

The patient has been admitted to the hospital and is expected to be discharged within 24 hours.

The patient is expected to be discharged within 24 hours.

The patient has been admitted to the hospital and is expected to be discharged within 24 hours.

The patient is expected to be discharged within
[BRAIN]: This is a rush transcript. Copy may not be in its final form.

AMY GOODMAN: This is Democracy Now!, democracynow.org, The War and Peace Report. I'm Amy Goodman. I'm Amy Goodman, with Juan González.

JUAN GONZÁLEZ: Well, first of all, we're going to talk about what's happening in Syria right now. We're talking about President Bashar al-Assad's use of chemical weapons against his own people. He has used chemical weapons against his own people. And the United Nations says that he's responsible for the deaths of more than 1,000 people. In fact, there are reports that
[FACE]: This is a rush transcript. Copy may not be in its final form.

AMY GOODMAN: This is Democracy Now!, democracynow.org, The War and Peace Report. I'm Amy Goodman. I'm Amy Goodman, with Juan González.

JUAN GONZÁLEZ: Well, first of all, we're going to talk about what's happening in Syria right now. We're talking about President Bashar al-Assad's use of chemical weapons against his own people. He has used chemical weapons against his own people. And the United Nations says that he's responsible for the deaths of more than 1,000 people. In fact, there are reports that
[LUNG]: Abstract:

In the present study, we examined the structure of the bronchiectal lobe in relation to the presence of pulmonary fibronectal nodules. We found that there are no significant changes in the size of the bronchiectal lobe in relation to the presence of pulmonary fibronectal nodules. There were no significant changes in the size of the bronchiectal lobe in relation to the presence of pulmonary fibronectal nodules. No significant changes in the size of the bronchiectal lobe in relation to the presence of pulmonary fibronectal nodules were observed in the present study. The presence of pulmonary fibronectal nodules in relation to
[HEART]: Description:

Describe the contour of the right ventricenial wall. The contour of the right ventricenial wall was not affected by obstructing bronchiacic and bronchiacic structures. The right ventricenial wall was not affected by obstructing bronchiacic and bronchiacic structures. The right ventricenial wall was not affected by obstructing bronchiacic and bronchiacic structures. The right ventricenial wall was not affected by obstructing bronchiacic and bronchiacic structures. The right ventricenial wall was not affected by obstructing bronchiacic and bronchiacic structures
[AORTA]: Abstract: The main body wall of the esophagus is thickening. The esophagus is thinning, and there are no significant changes in the size of the esophagus. The esophagus was not affected by any other obstructing factors. The esophagus was not affected by any other obstructing factors. The esophagus was not affected by any other obstructing factors. The esophagus was not affected by any other obstructing factors. The esophagus was not affected by any other obstructing factors. The esophagus was not affected by any other obstructing factors. The esophagus was not affected by any other obstructing factors. The esophagus was
[ESOPHAGUS]: Abstract: No significant differences in the lung wall thickness were detected in the bronchi. Lung wall thickness was not significantly different between the two main bronchi. In the primary bronchi, there was no significant difference between the main bronchi. In the secondary bronchi, there was no significant difference between the main and secondary bronchi. In the primary bronchi, there was no significant difference between the main and secondary bronchi. In the primary bronchi, there was no significant difference between the main and secondary bronchi. In the primary bronchi, there was no significant difference between the main and secondary bronchi. In the primary bronchi, there was no significant difference between the main and secondary bron
[TRACHEA]: A new study has shown that the presence of a tumor in the lung is not associated with lung cancer. Lung cancer was detected in both normal and metastatic stages of lung cancer. Lung cancer was detected in both normal and metastatic stages of lung cancer. Lung cancer was detected in both normal and metastatic stages of lung cancer. Lung cancer was detected in both normal and metastatic stages of lung cancer. Lung cancer was detected in both normal and metastatic stages of lung cancer. Lung cancer was detected in both normal and metastatic stages of lung cancer. Lung cancer was detected in both normal and metastatic stages of lung cancer. Lung cancer was detected in both normal and metastatic stages of lung cancer.
[SPINE]: This is a rush transcript. Copy may not be in its final form.

AMY GOODMAN: This is Democracy Now!, democracynow.org, The War and Peace Report. I'm Amy Goodman. I'm Amy Goodman, with Juan González.

JUAN GONZÁLEZ: Well, first of all, we're going to talk about what's happening in Syria right now. We're talking about President Bashar al-Assad's use of chemical weapons against his own people. He has used chemical weapons against his own people. And the United Nations says that he's responsible for the deaths of more than 1,000 people. In fact, there are reports that
[RIB]: Abstract:

In the present study, there was no significant difference in the size of the lung and bronchiatic subcutaneous layer between the lungs and bronchiatic subcutaneous layer. There were no significant differences in the size of the lung and bronchiatic subcutaneous layer between the lungs and bronchiatic subcutaneous layer. In the present study, there was no significant difference in the size of the lung and bronchiatic subcutaneous layer between the lungs and bronchiatic subcutaneous layer. In the present study, there was no significant difference in the size of the lung and bronchiatic subcutaneous layer between the lungs and bronchiatic subcutaneous
[STERNUM]: Describe heart: Heart volume was normal in both lungs and bronchi. No significant changes were observed in the lung or bronchi. No significant changes were observed in the lung or bronchi. No significant changes were observed in the lung or bronchi. No significant changes were observed in the lung or bronchi. No significant changes were observed in the lung or bronchi. No significant changes were observed in the lung or bronchi. No significant changes were observed in the lung or bronchi. No significant changes were observed in the lung or bronchi. No significant changes were observed in the lung or bronchi. No significant changes were observed in the lung or bronchi. No significant changes were observed in
[LIVER]: Describe heart: Heart volume was normal and normal in both lungs. The size of the heart was normal in both lungs. The size of the heart was normal in both lungs. The size of the heart was normal in both lungs. The size of the heart was normal in both lungs. The size of the heart was normal in both lungs. The size of the heart was normal in both lungs. The size of the heart was normal in both lungs. The size of the heart was normal in both lungs. The size of the heart was normal in both lungs. The size of the heart was normal in both lungs. The size of the heart was normal in both lungs. The size of the heart was
[GALLBLADDER]: This is a rush transcript. Copy may not be in its final form.

AMY GOODMAN: This is Democracy Now!, democracynow.org, The War and Peace Report. I'm Amy Goodman. I'm Amy Goodman, with Juan González.

JUAN GONZÁLEZ: Well, first of all, we're going to talk about what's happening in the United States right now. You know, President Trump has called for an investigation into Russia's interference in the 2016 presidential election. He said he wants to see if there was any collusion between the Trump campaign and Russia. And you know, it's hard to say whether that's true or not.
[STOMACH]: Describe esophagus: The esophagus is thickened. The esophagus is thinned. The esophagus is not thickening. The esophagus is not thickening. The esophagus is not thickening. The esophagus is not thickening. The esophagus is not thickening. The esophagus is not thickening. The esophagus is not thickening. The esophagus is not thickening. The esophagus is not thickening. The esophagus is not thickening. The esophagus is not thickening. The esophagus is not thickening. The esophagus is not thickening. The es
[PANCREAS]: This is a rush transcript. Copy may not be in its final form.

AMY GOODMAN: This is Democracy Now!, democracynow.org, The War and Peace Report. I'm Amy Goodman. I'm Amy Goodman, with Juan González.

JUAN GONZÁLEZ: Well, first of all, we're going to talk about what's happening in the United States right now. You know, President Trump has called for an investigation into Russia's interference in the 2016 presidential election. He said he wants to see if there was any collusion between the Trump campaign and Russia. And you know, it's hard to say whether that's true or not.
[SPLEEN]: A new study has revealed that the presence of a lung lesion in the lung is not associated with bronchial obstructing bronchial disease. The presence of a lung lesion in the lung is not associated with bronchial obstructing bronchial disease. The presence of a lung lesion in the lung is not associated with bronchial obstructing bronchial disease. The presence of a lung lesion in the lung is not associated with bronchial obstructing bronchial disease. The presence of a lung lesion in the lung is not associated with bronchial obstructing bronchial disease. The presence of a lung lesion in the lung is not associated with bron
[KIDNEY]: This is a rush transcript. Copy may not be in its final form.

AMY GOODMAN: This is Democracy Now!, democracynow.org, The War and Peace Report. I'm Amy Goodman. I'm Amy Goodman, with Juan González.

JUAN GONZÁLEZ: Well, first of all, we're going to talk about what's happening in Syria right now. We're talking about President Bashar al-Assad's use of chemical weapons against his own people. He has used chemical weapons against his own people. And the United Nations says that Assad has used chemical weapons against his own people. What do you think?

JUAN G
[ADRENAL]: This is a rush transcript. Copy may not be in its final form.

AMY GOODMAN: This is Democracy Now!, democracynow.org, The War and Peace Report. I'm Amy Goodman. I'm Amy Goodman, with Juan González.

JUAN GONZÁLEZ: Well, first of all, we're going to talk about what's happening in the United States right now. You know, President Trump has called for an investigation into Russia's interference in the 2016 presidential election. He said he wants to see if there was any collusion between the Trump campaign and Russia. And you know, it's hard to say whether that's true or not.
[COLON]: This is a rush transcript. Copy may not be in its final form.

AMY GOODMAN: This is Democracy Now!, democracynow.org, The War and Peace Report. I'm Amy Goodman. I'm Amy Goodman, with Juan González.

JUAN GONZÁLEZ: Well, let's talk about the war in Syria. You know, President Obama has said that he wants to see an end to the use of chemical weapons against civilians in Syria. But what does that mean for the United States?

JUAN GONZÁLEZ: Well, first of all, it means that the United States will no longer be able
[INTESTINE]: This is a rush transcript. Copy may not be in its final form.

AMY GOODMAN: This is Democracy Now!, democracynow.org, The War and Peace Report. I'm Amy Goodman. I'm Amy Goodman, with Juan González.

JUAN GONZÁLEZ: Well, first of all, we're going to talk about what's happening in Syria right now. We're talking about President Bashar al-Assad's use of chemical weapons against his own people. He has used chemical weapons against his own people. And the United Nations has called for an international investigation into whether he used chemical weapons against his own people.

Now, there are
[BLADDER]: This is a rush transcript. Copy may not be in its final form.

AMY GOODMAN: This is Democracy Now!, democracynow.org, The War and Peace Report. I'm Amy Goodman. I'm Amy Goodman, with Juan González.

JUAN GONZÁLEZ: Well, first of all, we're going to talk about what's happening in Syria right now. We're talking about President Bashar al-Assad's use of chemical weapons against his own people. He has used chemical weapons against his own people. And the United Nations has called for an international investigation into whether he was responsible for the attack on Khan Sheikhoun, which killed more than
[PROSTATE]: This is a rush transcript. Copy may not be in its final form.

AMY GOODMAN: This is Democracy Now!, democracynow.org, The War and Peace Report. I'm Amy Goodman. I'm Amy Goodman, with Juan González.

JUAN GONZÁLEZ: Well, let's talk about the war in Syria. You know, President Obama has said that he wants to see an end to the use of chemical weapons against civilians in Syria. But what does that mean for the United States?

JUAN GONZÁLEZ: Well, first of all, it means that the United States will no longer be able
[UTERUS]: This is a rush transcript. Copy may not be in its final form.

AMY GOODMAN: This is Democracy Now!, democracynow.org, The War and Peace Report. I'm Amy Goodman. I'm Amy Goodman, with Juan González.

JUAN GONZÁLEZ: Well, first of all, we're going to talk about what's happening right now in the United States. We've seen an unprecedented level of violence against women across the country. In New York City alone, more than 1,000 women have been killed by police since the start of the year, according to data from the National Crime Victimization Survey. That's up from just
[HUMERUS]: This is a rush transcript. Copy may not be in its final form.

AMY GOODMAN: This is Democracy Now!, democracynow.org, The War and Peace Report. I'm Amy Goodman. I'm Amy Goodman, with Juan González.

JUAN GONZÁLEZ: Well, first of all, we're going to talk about what's happening in the United States right now. You know, President Trump has called for an investigation into Russia's interference in the 2016 presidential election. He said he wants to see if there was any collusion between the Trump campaign and Russia. And you know, it's hard to say whether that's true or not.
[SCAPULA]: Abstract: The main body structure of the liver was normal and normal in all regions. In the liver, there were no significant changes in the size of the liver. There were no significant changes in the volume of the liver. No significant changes in the liver were observed in the liver. No significant changes in the liver were observed in the liver. No significant changes in the liver were observed in the liver. No significant changes in the liver were observed in the liver. No significant changes in the liver were observed in the liver. No significant changes in the liver were observed in the liver. No significant changes in the liver were observed in the liver. No significant changes in the liver were observed in the liver.
[CLAVICULA]: This is a rush transcript. Copy may not be in its final form.

AMY GOODMAN: This is Democracy Now!, democracynow.org, The War and Peace Report. I'm Amy Goodman. I'm Amy Goodman, host of The War and Peace Report. We're talking about the war in Syria, which has killed more than 2,000 people since the start of the uprising against President Bashar al-Assad in March 2011. It's been described as ""the worst humanitarian disaster in human history."" What do you mean by that?

JUAN GONZÁLEZ: Well, first of all, we have to remember that there was no military solution to the crisis
[FEMUR]: This is a rush transcript. Copy may not be in its final form.

AMY GOODMAN: This is Democracy Now!, democracynow.org, The War and Peace Report. I'm Amy Goodman. I'm Amy Goodman, with Juan González.

JUAN GONZÁLEZ: Well, let's talk about the war in Syria. You know, President Obama has said that he wants to see an end to the use of chemical weapons by the Syrian government. But what does that mean for you?

JUAN GONZÁLEZ: Well, first of all, it means that we're going to have to stop using chemical weapons
[HIP]: This is a rush transcript. Copy may not be in its final form.

AMY GOODMAN: This is Democracy Now!, democracynow.org, The War and Peace Report. I'm Amy Goodman. I'm Amy Goodman, with Juan González.

JUAN GONZÁLEZ: Well, let's talk about the war in Syria. You know, President Obama has said that he wants to see an end to the use of chemical weapons against civilians in Syria. But what does that mean for the United States?

JUAN GONZÁLEZ: Well, first of all, it means that the United States will no longer be able
[SACRUM]: This is a rush transcript. Copy may not be in its final form.

AMY GOODMAN: This is Democracy Now!, democracynow.org, The War and Peace Report. I'm Amy Goodman. I'm Amy Goodman, with Juan González.

JUAN GONZÁLEZ: Well, first of all, we're going to talk about what's happening in the United States right now. You know, President Trump has called for an investigation into Russia's interference in the 2016 presidential election. He said he wants to see if there was any collusion between the Trump campaign and Russia. And you know, it's hard to say whether that's true or not.
[GLUTEUS]: This is a rush transcript. Copy may not be in its final form.

AMY GOODMAN: This is Democracy Now!, democracynow.org, The War and Peace Report. I'm Amy Goodman. I'm Amy Goodman, with Juan González.

JUAN GONZÁLEZ: Well, first of all, we're going to talk about what's happening in the United States right now. You know, President Trump has called for an investigation into Russia's interference in the 2016 presidential election. He said he wants to see if there was any collusion between the Trump campaign and Russia. And you know, it's hard to say whether that's true or not.
[ILIOPSOAS]: iliopsoas is a term used to refer to an individual who has been diagnosed with multiple sclerosis (MS).

Symptoms of MS include loss of consciousness, weakness, numbness, and/or tingling in the hands or feet. The symptoms may last for up to 24 hours.

Symptoms of MS include loss of consciousness, weakness, numbness, and/or tingling in the hands or feet. The symptoms may last for up to 24 hours. Signs and symptoms of MS include:

Weakness

Tingling in the hands or feet

Blurred vision

Difficulty breathing

Loss of appetite

Nausea
[AUTOCHTHON]: Describe the contour of the left side of the right side of the right side of the right side of the right side of the right side of the right side of the right side of the right side of the right side of the right side of the right side of the right side of the right side of the right side of the right side of the right side of the right side of the right side of the right side of the right side of the right side of the right side of the right side of the right side of the right side of the right side of the right side of the right side of the right side of the right side of the right side of the right side of the right side
"
valid_572_a_1,"Patient: valid_572_a_1
[CONCLUSION]: A new study has found that the most common cause of death in patients with chronic obstructive pulmonary disease (COPD) is pneumonia.

Patients with COPD are more likely to die from pneumonia than those who do not have COPD.

Pneumonia is associated with an increased risk of heart failure, which may be due to a lack of oxygenation in the lungs.

In patients with COPD, there is no significant difference in mortality between patients with and without COPD.

Patients with COPD are more likely to die from pneumonia than those who do not have COPD.

Patients with COPD are
[BRAIN]: This is a rush transcript. Copy may not be in its final form.

AMY GOODMAN: This is Democracy Now!, democracynow.org, The War and Peace Report. I'm Amy Goodman. I'm Amy Goodman, with Juan González.

JUAN GONZÁLEZ: Well, first of all, we're going to talk about what's happening in Syria right now. We're talking about President Bashar al-Assad's use of chemical weapons against his own people. He has used chemical weapons against his own people. And the United Nations says that he's responsible for the deaths of more than 1,000 people. In fact, there are reports that
[FACE]: This is a rush transcript. Copy may not be in its final form.

AMY GOODMAN: This is Democracy Now!, democracynow.org, The War and Peace Report. I'm Amy Goodman. I'm Amy Goodman, with Juan González.

JUAN GONZÁLEZ: Well, first of all, we're going to talk about what's happening in Syria right now. We're talking about President Bashar al-Assad's use of chemical weapons against his own people. He has used chemical weapons against his own people. And the United Nations says that he's responsible for the deaths of more than 1,000 people. In fact, there are reports that
[LUNG]: A new study has found that the most common cause of death in patients with pulmonary edema is pneumonia.

Patients with pulmonary edema are more likely to die from pulmonary edema than those without pulmonary edema.

The most common cause of death in patients with pulmonary edema is pneumonia.

Patients with pulmonary edema are more likely to die from pulmonary edema than those without pulmonary edema.

Patients with pulmonary edema are more likely to die from pulmonary edema than those without pulmonary edema.

Patients with pulmonary edema are more likely to die from pulmonary edema than those without pulmonary edema.

Patients with pulmonary ed
[HEART]: In a study published in the Journal of Thoracic Fractal Fractal Fractal Fractal Fractal Fractal Fractal Fractal Fractal Fractal Fractal Fractal Fractal Fractal Fractal Fractal Fractal Fractal Fractal Fractal Fractal Fractal Fractal Fractal Fractal Fractal Fractal Fractal Fractal Fractal Fractal Fractal Fractal Fractal Fractal Fractal Fractal Fractal Fractal Fractal Fractal Fractal Fractal Fractal Fractal Fractal Fractal Fractal Fractal Fractal Fractal Fractal Fractal Fractal Fractal Fractal Fractal Fractal Fractal Fractal Fractal Fractal Fractal Fractal Fractal
[AORTA]: A new study has shown that the liver is not damaged in any way. The liver is normal, and there was no significant change in the size of the esophagus. There were no significant changes in the size of the esophagus. Aorta were normal at the time of diagnosis.

There were no significant changes in the size of the esophagus. There were no significant changes in the size of the esophagus. There were no significant changes in the size of the esophagus. There were no significant changes in the size of the esophagus. There were no significant changes in the size of the esophagus. There were no significant changes in the size of
[ESOPHAGUS]: A new study has shown that the brainstem is not damaged in patients with Alzheimer's disease.

The findings suggest that there is a significant reduction in the volume of the left ventric thickening, which is associated with an increase in the size of the right ventric thickening. The right ventric thickening was observed in both normal and non-insignificant regions of the right ventric thickening. These findings suggest that the right ventric thickening is not affected by any other cause. In addition, the right ventric thickening was found in both normal and non-insignificant regions of the right ventric thickening. This finding suggests that the right ventric thickening
[TRACHEA]: Description:

The main artery in the esophagus is open. The main artery in the esophagus is open. The main artery in the esophagus is open. The main artery in the esophagus is open. The main artery in the esophagus is open. The main artery in the esophagus is open. The main artery in the esophagus is open. The main artery in the esophagus is open. The main artery in the esophagus is open. The main artery in the esophagus is open. The main artery in the esophagus is open. The main artery in the esophagus is open. The main artery in the
[SPINE]: This is a rush transcript. Copy may not be in its final form.

AMY GOODMAN: This is Democracy Now!, democracynow.org, The War and Peace Report. I'm Amy Goodman. I'm Amy Goodman, with Juan González.

JUAN GONZÁLEZ: Well, first of all, we're going to talk about what's happening in Syria right now. We're talking about President Bashar al-Assad's use of chemical weapons against his own people. He has used chemical weapons against his own people. And the United Nations says that he's responsible for the deaths of more than 1,000 people. In fact, there are reports that
[RIB]: A new study published in the Journal of Neurosurgery found that patients with aortic aneurysm are less likely to have aortic aneurysm.

The findings suggest that there is no significant difference between the two groups.

""This is the first time we have seen evidence of aortic aneurysm in patients with aortic aneurysm,"" said lead author Dr. David Hirschfeld, from the Department of Neurology at the University of Stuttgart in Germany.

Dr. Hirschfeld said: ""Our results suggest that there is no significant difference between the two groups.""

He added: ""We believe that
[STERNUM]: A new study has revealed that the brain structure of the right ventric larynx is significantly different from that of the left ventric larynx. The right ventric larynx is larger than the left ventric larynx. The right ventric larynx is smaller than the left ventric larynx. The right ventric larynx is larger than the left ventric larynx. The right ventric larynx is larger than the left ventric larynx. The right ventric larynx is larger than the left ventric larynx. The right ventric larynx is larger than the left ventric larynx. The right
[LIVER]: This is a rush transcript. Copy may not be in its final form.

AMY GOODMAN: This is Democracy Now!, democracynow.org, The War and Peace Report. I'm Amy Goodman. I'm Amy Goodman, with Juan González.

JUAN GONZÁLEZ: Well, first of all, we're going to talk about what's happening in Syria right now. We're talking about President Bashar al-Assad's use of chemical weapons against his own people. He has used chemical weapons against his own people. And the United Nations has called for an international investigation into whether he was responsible for the deaths of hundreds of thousands of people.
[GALLBLADDER]: This is a rush transcript. Copy may not be in its final form.

AMY GOODMAN: This is Democracy Now!, democracynow.org, The War and Peace Report. I'm Amy Goodman. I'm Amy Goodman, with Juan González.

JUAN GONZÁLEZ: Well, first of all, we're going to talk about what's happening in the United States right now. You know, President Trump has called for an investigation into Russia's interference in the 2016 presidential election. He said he wants to see if there was any collusion between the Trump campaign and Russia. And you know, it's hard to say whether that's true or not.
[STOMACH]: This is a rush transcript. Copy may not be in its final form.

AMY GOODMAN: This is Democracy Now!, democracynow.org, The War and Peace Report. I'm Amy Goodman. I'm Amy Goodman, with Juan González.

JUAN GONZÁLEZ: Well, first of all, we're going to talk about what's happening in Syria right now. We're talking about President Bashar al-Assad's use of chemical weapons against his own people. He has used chemical weapons against his own people. And the United Nations says that he's responsible for the deaths of more than 1,000 people. In fact, there are reports that
[PANCREAS]: This is a rush transcript. Copy may not be in its final form.

AMY GOODMAN: This is Democracy Now!, democracynow.org, The War and Peace Report. I'm Amy Goodman. I'm Amy Goodman, with Juan González.

JUAN GONZÁLEZ: Well, first of all, we're going to talk about what's happening in the United States right now. You know, President Trump has called for an investigation into Russia's interference in the 2016 presidential election. He said he wants to see if there was any collusion between the Trump campaign and Russia. And you know, it's hard to say whether that's true or not.
[SPLEEN]: This is a rush transcript. Copy may not be in its final form.

AMY GOODMAN: This is Democracy Now!, democracynow.org, The War and Peace Report. I'm Amy Goodman. I'm Amy Goodman, with Juan González.

JUAN GONZÁLEZ: Well, let's talk about the war in Syria. You know, President Obama has said that he wants to see an end to the use of chemical weapons by the Syrian government. But what does that mean for you?

JUAN GONZÁLEZ: Well, first of all, it means that we're going to have to stop using chemical weapons
[KIDNEY]: This is a rush transcript. Copy may not be in its final form.

AMY GOODMAN: This is Democracy Now!, democracynow.org, The War and Peace Report. I'm Amy Goodman. I'm Amy Goodman, with Juan González.

JUAN GONZÁLEZ: Well, first of all, we're going to talk about what's happening in Syria right now. We're talking about President Bashar al-Assad's use of chemical weapons against his own people. He has used chemical weapons against his own people. And the United Nations says that Assad has used chemical weapons against his own people. What do you think?

JUAN G
[ADRENAL]: This is a rush transcript. Copy may not be in its final form.

AMY GOODMAN: This is Democracy Now!, democracynow.org, The War and Peace Report. I'm Amy Goodman. I'm Amy Goodman, with Juan González.

JUAN GONZÁLEZ: Well, first of all, we're going to talk about what's happening in the United States right now. You know, President Trump has called for an investigation into Russia's interference in the 2016 presidential election. He said he wants to see if there was any collusion between the Trump campaign and Russia. And you know, it's hard to say whether that's true or not.
[COLON]: This is a rush transcript. Copy may not be in its final form.

AMY GOODMAN: This is Democracy Now!, democracynow.org, The War and Peace Report. I'm Amy Goodman. I'm Amy Goodman, with Juan González.

JUAN GONZÁLEZ: Well, let's talk about the war in Syria. You know, President Obama has said that he wants to see an end to the use of chemical weapons against civilians in Syria. But what does that mean for the United States?

JUAN GONZÁLEZ: Well, first of all, it means that the United States will no longer be able
[INTESTINE]: This is a rush transcript. Copy may not be in its final form.

AMY GOODMAN: This is Democracy Now!, democracynow.org, The War and Peace Report. I'm Amy Goodman. I'm Amy Goodman, with Juan González.

JUAN GONZÁLEZ: Well, first of all, we're going to talk about what's happening in Syria right now. We're talking about President Bashar al-Assad's use of chemical weapons against his own people. He has used chemical weapons against his own people. And the United Nations has called for an international investigation into whether he used chemical weapons against his own people.

Now, there are
[BLADDER]: This is a rush transcript. Copy may not be in its final form.

AMY GOODMAN: This is Democracy Now!, democracynow.org, The War and Peace Report. I'm Amy Goodman. I'm Amy Goodman, with Juan González.

JUAN GONZÁLEZ: Well, first of all, we're going to talk about what's happening in Syria right now. We're talking about President Bashar al-Assad's use of chemical weapons against his own people. He has used chemical weapons against his own people. And the United Nations has called for an international investigation into whether he was responsible for the attack on Khan Sheikhoun, which killed more than
[PROSTATE]: This is a rush transcript. Copy may not be in its final form.

AMY GOODMAN: This is Democracy Now!, democracynow.org, The War and Peace Report. I'm Amy Goodman. I'm Amy Goodman, with Juan González.

JUAN GONZÁLEZ: Well, let's talk about the war in Syria. You know, President Obama has said that he wants to see an end to the use of chemical weapons against civilians in Syria. But what does that mean for the United States?

JUAN GONZÁLEZ: Well, first of all, it means that the United States will no longer be able
[UTERUS]: This is a rush transcript. Copy may not be in its final form.

AMY GOODMAN: This is Democracy Now!, democracynow.org, The War and Peace Report. I'm Amy Goodman. I'm Amy Goodman, with Juan González.

JUAN GONZÁLEZ: Well, first of all, we're going to talk about what's happening right now in the United States. We've seen an unprecedented level of violence against women across the country. In New York City alone, more than 1,000 women have been killed by police since the start of the year, according to data from the National Crime Victimization Survey. That's up from just
[HUMERUS]: This is a rush transcript. Copy may not be in its final form.

AMY GOODMAN: This is Democracy Now!, democracynow.org, The War and Peace Report. I'm Amy Goodman. I'm Amy Goodman, with Juan González.

JUAN GONZÁLEZ: Well, first of all, we're going to talk about what's happening in the United States right now. You know, President Trump has called for an investigation into Russia's interference in the 2016 presidential election. He said he wants to see if there was any collusion between the Trump campaign and Russia. And you know, it's hard to say whether that's true or not.
[SCAPULA]: This is the first time we have seen a patient with anorexia. We believe that he was not suffering from any other cause.

We do not know whether he suffered from any other cause.

He did not experience any pain in his abdomen or liver.

He did not experience any swelling of the liver.

He did not experience any abnormal changes in the liver.

He did not experience any significant changes in the liver.

He did not experience any abnormal changes in the liver.

He did not experience any abnormal changes in the liver.

He did not experience any abnormal changes in the liver.

He did not experience any abnormal changes
[CLAVICULA]: This is a rush transcript. Copy may not be in its final form.

AMY GOODMAN: This is Democracy Now!, democracynow.org, The War and Peace Report. I'm Amy Goodman. I'm Amy Goodman, host of The War and Peace Report. We're talking about the war in Syria, which has killed more than 2,000 people since the start of the uprising against President Bashar al-Assad in March 2011. It's been described as ""the worst humanitarian disaster in human history."" What do you mean by that?

JUAN GONZÁLEZ: Well, first of all, we have to remember that there was no military solution to the crisis
[FEMUR]: This is a rush transcript. Copy may not be in its final form.

AMY GOODMAN: This is Democracy Now!, democracynow.org, The War and Peace Report. I'm Amy Goodman. I'm Amy Goodman, with Juan González.

JUAN GONZÁLEZ: Well, let's talk about the war in Syria. You know, President Obama has said that he wants to see an end to the use of chemical weapons by the Syrian government. But what does that mean for you?

JUAN GONZÁLEZ: Well, first of all, it means that we're going to have to stop using chemical weapons
[HIP]: This is a rush transcript. Copy may not be in its final form.

AMY GOODMAN: This is Democracy Now!, democracynow.org, The War and Peace Report. I'm Amy Goodman. I'm Amy Goodman, with Juan González.

JUAN GONZÁLEZ: Well, let's talk about the war in Syria. You know, President Obama has said that he wants to see an end to the use of chemical weapons against civilians in Syria. But what does that mean for the United States?

JUAN GONZÁLEZ: Well, first of all, it means that the United States will no longer be able
[SACRUM]: This is a rush transcript. Copy may not be in its final form.

AMY GOODMAN: This is Democracy Now!, democracynow.org, The War and Peace Report. I'm Amy Goodman. I'm Amy Goodman, with Juan González.

JUAN GONZÁLEZ: Well, first of all, we're going to talk about what's happening in the United States right now. You know, President Trump has called for an investigation into Russia's interference in the 2016 presidential election. He said he wants to see if there was any collusion between the Trump campaign and Russia. And you know, it's hard to say whether that's true or not.
[GLUTEUS]: This is a rush transcript. Copy may not be in its final form.

AMY GOODMAN: This is Democracy Now!, democracynow.org, The War and Peace Report. I'm Amy Goodman. I'm Amy Goodman, with Juan González.

JUAN GONZÁLEZ: Well, first of all, we're going to talk about what's happening in the United States right now. You know, President Trump has called for an investigation into Russia's interference in the 2016 presidential election. He said he wants to see if there was any collusion between the Trump campaign and Russia. And you know, it's hard to say whether that's true or not.
[ILIOPSOAS]: iliopsoas is a term used to refer to an individual who has been diagnosed with multiple sclerosis (MS).

Symptoms of MS include loss of consciousness, weakness, numbness, and/or tingling in the hands or feet. The symptoms may last for up to 24 hours.

Symptoms of MS include loss of consciousness, weakness, numbness, and/or tingling in the hands or feet. The symptoms may last for up to 24 hours. Signs and symptoms of MS include:

Weakness

Tingling in the hands or feet

Blurred vision

Difficulty breathing

Loss of appetite

Nausea
[AUTOCHTHON]: Description:

The contour of the left side of the abdomen was not affected. The contour of the right side of the abdomen was not affected. The contour of the right side of the abdomen was not affected. The contour of the right side of the abdomen was not affected. The contour of the right side of the abdomen was not affected. The contour of the right side of the abdomen was not affected. The contour of the right side of the abdomen was not affected. The contour of the right side of the abdomen was not affected. The contour of the right side of the abdomen was not affected. The contour of the right side of the abdomen was
"
valid_569_c_1,"Patient: valid_569_c_1
[CONCLUSION]: In a study published in the Journal of Neurology, researchers found that there is no significant difference between the two hemispheres.

Both hemispheres are located on the left side of the brainstem. Both hemispheres are located on the right side of the brainstem. Both hemispheres are located on the left side of the brainstem. Both hemispheres are located on the right side of the brainstem. Both hemispheres are located on the left side of the brainstem. Both hemispheres are located on the right side of the brainstem. Both hemispheres are located on the left side of the brainstem. Both hemispheres are located on the
[BRAIN]: This is a rush transcript. Copy may not be in its final form.

AMY GOODMAN: This is Democracy Now!, democracynow.org, The War and Peace Report. I'm Amy Goodman. I'm Amy Goodman, with Juan González.

JUAN GONZÁLEZ: Well, first of all, we're going to talk about what's happening in Syria right now. We're talking about President Bashar al-Assad's use of chemical weapons against his own people. He has used chemical weapons against his own people. And the United Nations says that he's responsible for the deaths of more than 1,000 people. In fact, there are reports that
[FACE]: This is a rush transcript. Copy may not be in its final form.

AMY GOODMAN: This is Democracy Now!, democracynow.org, The War and Peace Report. I'm Amy Goodman. I'm Amy Goodman, with Juan González.

JUAN GONZÁLEZ: Well, first of all, we're going to talk about what's happening in Syria right now. We're talking about President Bashar al-Assad's use of chemical weapons against his own people. He has used chemical weapons against his own people. And the United Nations says that he's responsible for the deaths of more than 1,000 people. In fact, there are reports that
[LUNG]: Abstract:

In the present study, we examined the structure of the pulmonary fibronectin in the lungs. We found that there is no significant difference between the size of the pulmonary fibronectin and the size of the pulmonary fibronectin. In addition, there was no significant difference between the size of the pulmonary fibronectin and the size of the pulmonary fibronectin. There was no significant difference between the size of the pulmonary fibronectin and the size of the pulmonary fibronectin. No significant difference between the size of the pulmonary fibronectin and the size of the pulmonary fibronectin was detected in the lung. The presence of a
[HEART]: Heart size and diameter were normal in both lungs. No significant differences were observed between the lungs. The main pulmonary artery was normal in both lungs. The main pulmonary artery was normal in both lungs. The main pulmonary artery was normal in both lungs. The main pulmonary artery was normal in both lungs. The main pulmonary artery was normal in both lungs. The main pulmonary artery was normal in both lungs. The main pulmonary artery was normal in both lungs. The main pulmonary artery was normal in both lungs. The main pulmonary artery was normal in both lungs. The main pulmonary artery was normal in both lungs. The main pulmonary artery was normal in both lungs. The main pulmonary artery was normal in both
[AORTA]: Abstract: The main body wall of the esophagus is thickened. The esophagus is thinned, and there is no obstruction in the esophagus. The esophagus is not affected by any other obstructing factors. The esophagus is open to normal flow. The esophagus is open to normal flow. The esophagus is open to normal flow. The esophagus is open to normal flow. The esophagus is open to normal flow. The esophagus is open to normal flow. The esophagus is open to normal flow. The esophagus is open to normal flow. The esophagus is open to normal flow. The esoph
[ESOPHAGUS]: Abstract: No significant differences were observed between the main and subcuta of the right trachea in any of the main and subcuta of the right trachea. The main and subcuta of the right trachea were not detected in any of the main and subcuta of the right trachea. No significant differences were observed between the main and subcuta of the right trachea in any of the main and subcuta of the right trachea. No significant differences were observed between the main and subcuta of the right trachea in any of the main and subcuta of the right trachea. No significant differences were observed between
[TRACHEA]: Abstract: There are no significant differences in the lung and bronchi were detected in both lungs. In the bronchi, there was no significant difference in the lung and bronchi. In the bronchi, there was no significant difference in the lung and bronchi. In the bronchi, there was no significant difference in the lung and bronchi. In the bronchi, there was no significant difference in the lung and bronchi. In the bronchi, there was no significant difference in the lung and bronchi. In the bronchi, there was no significant difference in the lung and bronchi. In the bronchi, there was no significant difference in the lung and bronchi. In the bron
[SPINE]: This is a rush transcript. Copy may not be in its final form.

AMY GOODMAN: This is Democracy Now!, democracynow.org, The War and Peace Report. I'm Amy Goodman. I'm Amy Goodman, with Juan González.

JUAN GONZÁLEZ: Well, first of all, we're going to talk about what's happening in Syria right now. We're talking about President Bashar al-Assad's use of chemical weapons against his own people. He has used chemical weapons against his own people. And the United Nations says that he's responsible for the deaths of more than 1,000 people. In fact, there are reports that
[RIB]: Abstract:

In this study, we examined the structure and function of the liver in relation to the presence of hepatic cirrhosis. We found that the liver was not affected by cirrhosis. The liver was not affected by cirrhosis. The liver was not affected by cirrhosis. The liver was not affected by cirrhosis. The liver was not affected by cirrhosis. The liver was not affected by cirrhosis. The liver was not affected by cirrhosis. The liver was not affected by cirrhosis. The liver was not affected by cirrhosis. The liver was not affected by cirrhosis. The liver was not affected by cirrhosis
[STERNUM]: Describe esophagus: The esophagus in the esophagus of the esophagus is normal. The esophagus is normal. The esophagus is normal. The esophagus is normal. The esophagus is normal. The esophagus is normal. The esophagus is normal. The esophagus is normal. The esophagus is normal. The esophagus is normal. The esophagus is normal. The esophagus is normal. The esophagus is normal. The esophagus is normal. The esophagus is normal. The esophagus is normal. The esophagus is normal. The esophagus is normal
[LIVER]: Describe heart: Aorta are normal and normal in the heart. The heart is normal and normal in the heart. The heart is normal and normal in the heart. The heart is normal and normal in the heart. The heart is normal and normal in the heart. The heart is normal and normal in the heart. The heart is normal and normal in the heart. The heart is normal and normal in the heart. The heart is normal and normal in the heart. The heart is normal and normal in the heart. The heart is normal and normal in the heart. The heart is normal and normal in the heart. The heart is normal and normal in the heart. The heart is normal and normal
[GALLBLADDER]: This is a rush transcript. Copy may not be in its final form.

AMY GOODMAN: This is Democracy Now!, democracynow.org, The War and Peace Report. I'm Amy Goodman. I'm Amy Goodman, with Juan González.

JUAN GONZÁLEZ: Well, first of all, we're going to talk about what's happening in the United States right now. You know, President Trump has called for an investigation into Russia's interference in the 2016 presidential election. He said he wants to see if there was any collusion between the Trump campaign and Russia. And you know, it's hard to say whether that's true or not.
[STOMACH]: Description:

Describe the contour of the esophagus. The esophagus is thickened and normal size was observed in the esophagus. The esophagus has a normal size and normal size was observed in the esophagus. The esophagus is thinned and normal size was observed in the esophagus. The esophagus has a normal size and normal size was observed in the esophagus. The esophagus has a normal size and normal size was observed in the esophagus. The esophagus has a normal size and normal size was observed in the esophagus. The esophagus has a normal size and normal size was observed in
[PANCREAS]: This is a rush transcript. Copy may not be in its final form.

AMY GOODMAN: This is Democracy Now!, democracynow.org, The War and Peace Report. I'm Amy Goodman. I'm Amy Goodman, with Juan González.

JUAN GONZÁLEZ: Well, first of all, we're going to talk about what's happening in the United States right now. You know, President Trump has called for an investigation into Russia's interference in the 2016 presidential election. He said he wants to see if there was any collusion between the Trump campaign and Russia. And you know, it's hard to say whether that's true or not.
[SPLEEN]: Abstract:

The main body structure of the liver is normal. The liver has a normal size and volume in the liver. The liver is not affected by cirrhosis. The liver is normal in size and volume in the liver. The liver is normal in size and volume in the liver. The liver is normal in size and volume in the liver. The liver is normal in size and volume in the liver. The liver is normal in size and volume in the liver. The liver is normal in size and volume in the liver. The liver is normal in size and volume in the liver. The liver is normal in size and volume in the liver. The liver is normal in size and volume in
[KIDNEY]: This is a rush transcript. Copy may not be in its final form.

AMY GOODMAN: This is Democracy Now!, democracynow.org, The War and Peace Report. I'm Amy Goodman. I'm Amy Goodman, with Juan González.

JUAN GONZÁLEZ: Well, first of all, we're going to talk about what's happening in Syria right now. We're talking about President Bashar al-Assad's use of chemical weapons against his own people. He has used chemical weapons against his own people. And the United Nations says that Assad has used chemical weapons against his own people. What do you think?

JUAN G
[ADRENAL]: This is a rush transcript. Copy may not be in its final form.

AMY GOODMAN: This is Democracy Now!, democracynow.org, The War and Peace Report. I'm Amy Goodman. I'm Amy Goodman, with Juan González.

JUAN GONZÁLEZ: Well, first of all, we're going to talk about what's happening in the United States right now. You know, President Trump has called for an investigation into Russia's interference in the 2016 presidential election. He said he wants to see if there was any collusion between the Trump campaign and Russia. And you know, it's hard to say whether that's true or not.
[COLON]: Description:

The main contour of the esophagus is normal. The right side of the esophagus is normal. The left side of the esophagus is normal. The right side of the esophagus is normal. The left side of the esophagus is normal. The left side of the esophagus is normal. The left side of the esophagus is normal. The left side of the esophagus is normal. The left side of the esophagus is normal. The left side of the esophagus is normal. The left side of the esophagus is normal. The left side of the esophagus is normal. The left side of
[INTESTINE]: This is a rush transcript. Copy may not be in its final form.

AMY GOODMAN: This is Democracy Now!, democracynow.org, The War and Peace Report. I'm Amy Goodman. I'm Amy Goodman, with Juan González.

JUAN GONZÁLEZ: Well, first of all, we're going to talk about what's happening in Syria right now. We're talking about President Bashar al-Assad's use of chemical weapons against his own people. He has used chemical weapons against his own people. And the United Nations has called for an international investigation into whether he used chemical weapons against his own people.

Now, there are
[BLADDER]: This is a rush transcript. Copy may not be in its final form.

AMY GOODMAN: This is Democracy Now!, democracynow.org, The War and Peace Report. I'm Amy Goodman. I'm Amy Goodman, with Juan González.

JUAN GONZÁLEZ: Well, first of all, we're going to talk about what's happening in Syria right now. We're talking about President Bashar al-Assad's use of chemical weapons against his own people. He has used chemical weapons against his own people. And the United Nations has called for an international investigation into whether he was responsible for the attack on Khan Sheikhoun, which killed more than
[PROSTATE]: This is a rush transcript. Copy may not be in its final form.

AMY GOODMAN: This is Democracy Now!, democracynow.org, The War and Peace Report. I'm Amy Goodman. I'm Amy Goodman, with Juan González.

JUAN GONZÁLEZ: Well, let's talk about the war in Syria. You know, President Obama has said that he wants to see an end to the use of chemical weapons against civilians in Syria. But what does that mean for the United States?

JUAN GONZÁLEZ: Well, first of all, it means that the United States will no longer be able
[UTERUS]: This is a rush transcript. Copy may not be in its final form.

AMY GOODMAN: This is Democracy Now!, democracynow.org, The War and Peace Report. I'm Amy Goodman. I'm Amy Goodman, with Juan González.

JUAN GONZÁLEZ: Well, first of all, we're going to talk about what's happening right now in the United States. We've seen an unprecedented level of violence against women across the country. In New York City alone, more than 1,000 women have been killed by police since the start of the year, according to data from the National Crime Victimization Survey. That's up from just
[HUMERUS]: This is a rush transcript. Copy may not be in its final form.

AMY GOODMAN: This is Democracy Now!, democracynow.org, The War and Peace Report. I'm Amy Goodman. I'm Amy Goodman, with Juan González.

JUAN GONZÁLEZ: Well, first of all, we're going to talk about what's happening in the United States right now. You know, President Trump has called for an investigation into Russia's interference in the 2016 presidential election. He said he wants to see if there was any collusion between the Trump campaign and Russia. And you know, it's hard to say whether that's true or not.
[SCAPULA]: Describe liver: No significant changes were observed in the liver. The size of the liver was not affected by age.

Describe liver: No significant changes were observed in the liver. The size of the liver was not affected by age.

Describe liver: No significant changes were observed in the liver. The size of the liver was not affected by age.

Describe liver: No significant changes were observed in the liver. The size of the liver was not affected by age.

Describe liver: No significant changes were observed in the liver. The size of the liver was not affected by age.

Describe liver: No significant changes were observed in the
[CLAVICULA]: This is a rush transcript. Copy may not be in its final form.

AMY GOODMAN: This is Democracy Now!, democracynow.org, The War and Peace Report. I'm Amy Goodman. I'm Amy Goodman, host of The War and Peace Report. We're talking about the war in Syria, which has killed more than 2,000 people since the start of the uprising against President Bashar al-Assad in March 2011. It's been described as ""the worst humanitarian disaster in human history."" What do you mean by that?

JUAN GONZÁLEZ: Well, first of all, we have to remember that there was no military solution to the crisis
[FEMUR]: This is a rush transcript. Copy may not be in its final form.

AMY GOODMAN: This is Democracy Now!, democracynow.org, The War and Peace Report. I'm Amy Goodman. I'm Amy Goodman, with Juan González.

JUAN GONZÁLEZ: Well, let's talk about the war in Syria. You know, President Obama has said that he wants to see an end to the use of chemical weapons by the Syrian government. But what does that mean for you?

JUAN GONZÁLEZ: Well, first of all, it means that we're going to have to stop using chemical weapons
[HIP]: This is a rush transcript. Copy may not be in its final form.

AMY GOODMAN: This is Democracy Now!, democracynow.org, The War and Peace Report. I'm Amy Goodman. I'm Amy Goodman, with Juan González.

JUAN GONZÁLEZ: Well, let's talk about the war in Syria. You know, President Obama has said that he wants to see an end to the use of chemical weapons against civilians in Syria. But what does that mean for the United States?

JUAN GONZÁLEZ: Well, first of all, it means that the United States will no longer be able
[SACRUM]: This is a rush transcript. Copy may not be in its final form.

AMY GOODMAN: This is Democracy Now!, democracynow.org, The War and Peace Report. I'm Amy Goodman. I'm Amy Goodman, with Juan González.

JUAN GONZÁLEZ: Well, first of all, we're going to talk about what's happening in the United States right now. You know, President Trump has called for an investigation into Russia's interference in the 2016 presidential election. He said he wants to see if there was any collusion between the Trump campaign and Russia. And you know, it's hard to say whether that's true or not.
[GLUTEUS]: This is a rush transcript. Copy may not be in its final form.

AMY GOODMAN: This is Democracy Now!, democracynow.org, The War and Peace Report. I'm Amy Goodman. I'm Amy Goodman, with Juan González.

JUAN GONZÁLEZ: Well, first of all, we're going to talk about what's happening in the United States right now. You know, President Trump has called for an investigation into Russia's interference in the 2016 presidential election. He said he wants to see if there was any collusion between the Trump campaign and Russia. And you know, it's hard to say whether that's true or not.
[ILIOPSOAS]: iliopsoas is a term used to refer to an individual who has been diagnosed with multiple sclerosis (MS).

Symptoms of MS include loss of consciousness, weakness, numbness, and/or tingling in the hands or feet. The symptoms may last for up to 24 hours.

Symptoms of MS include loss of consciousness, weakness, numbness, and/or tingling in the hands or feet. The symptoms may last for up to 24 hours. Signs and symptoms of MS include:

Weakness

Tingling in the hands or feet

Blurred vision

Difficulty breathing

Loss of appetite

Nausea
[AUTOCHTHON]: Describe the contour of the right ventricenial wall. The contour of the right ventricenial wall was not affected by aortaplastic lesion. The contour of the right ventricenial wall was not affected by aortaplastic lesion. The contour of the right ventricenial wall was not affected by aortaplastic lesion. The contour of the right ventricenial wall was not affected by aortaplastic lesion. The contour of the right ventricenial wall was not affected by aortaplastic lesion. The contour of the right ventricenial wall was
"
valid_569_b_1,"Patient: valid_569_b_1
[CONCLUSION]: In a study published in the Journal of Neurologicinformatics, researchers found that there is no significant difference between patients who have been diagnosed with multiple sclerosis and those who have not.

The findings suggest that both types of pneumonia are associated with an increased risk of lung cancer.

Patients who have been diagnosed with multiple sclerosis may be at higher risk of lung cancer than those who have not.

There is no significant difference between patients who have been diagnosed with multiple sclerosis and those who have not.

Both types of pneumonia are associated with an increased risk of lung cancer.

Patients who have been diagnosed with multiple sclerosis may be at higher risk of lung cancer than those
[BRAIN]: Describe the main body structure of the lung. The main body structure of the lung is normal. The main body structure of the lung is normal. The main body structure of the lung is normal. The main body structure of the lung is normal. The main body structure of the lung is normal. The main body structure of the lung is normal. The main body structure of the lung is normal. The main body structure of the lung is normal. The main body structure of the lung is normal. The main body structure of the lung is normal. The main body structure of the lung is normal. The main body structure of the lung is normal. The main body structure of the lung is normal. The
[FACE]: In a previous study, we found that there was no significant difference in the size of the lung and bronchiacic region. In our previous study, we did not find any significant difference in the size of the lung and bronchiacic region. We also found no significant differences in the size of the lung and bronchiacic region. In our previous study, we found no significant difference in the size of the lung and bronchiacic region. In our previous study, we found no significant difference in the size of the lung and bronchiacic region. In our previous study, we found no significant difference in the size of the lung and bronchiacic region. In our
[LUNG]: This is a rush transcript. Copy may not be in its final form.

AMY GOODMAN: This is Democracy Now!, democracynow.org, The War and Peace Report. I'm Amy Goodman. I'm Amy Goodman, with Juan González.

JUAN GONZÁLEZ: Well, first of all, we're going to talk about what's happening in Syria right now. We're talking about President Bashar al-Assad's use of chemical weapons against his own people. He has used chemical weapons against his own people. And the United Nations has called for an international investigation into whether he used chemical weapons against his own people.

Now, there are
[HEART]: This is a rush transcript. Copy may not be in its final form.

AMY GOODMAN: This is Democracy Now!, democracynow.org, The War and Peace Report. I'm Amy Goodman. I'm Amy Goodman, with Juan González.

JUAN GONZÁLEZ: Well, first of all, we're going to talk about what's happening in Syria right now. We're talking about President Bashar al-Assad's use of chemical weapons against his own people. He has used chemical weapons against his own people. And the United Nations says that he's responsible for the deaths of more than 1,000 people. What do you think?
[AORTA]: This article is from the archive of our partner.

The U.S. Department of Homeland Security (DHS) has announced that it will no longer issue visas to people who have been convicted of terrorism-related offenses in the United States.

According to the DHS, those convicted of terrorism-related offenses will be allowed to stay in the country for up to 90 days after their conviction. Those convicted of non-terrorism-related offenses will also be allowed to stay in the country for up to 90 days after their conviction.

The announcement comes just days after President Donald Trump signed an executive order banning travelers from seven Muslim-majority countries from entering the United States.

""We
[ESOPHAGUS]: This is a rush transcript. Copy may not be in its final form.

AMY GOODMAN: This is Democracy Now!, democracynow.org, The War and Peace Report. I'm Amy Goodman. I'm Amy Goodman, with Juan González.

JUAN GONZÁLEZ: Well, first of all, we're going to talk about what's happening in the United States right now. You know, President Trump has called for an investigation into Russia's interference in the 2016 presidential election. He said he wants to see if there was any collusion between the Trump campaign and Russia. And you know, it's hard to say whether that's true or not.
[TRACHEA]: This is a rush transcript. Copy may not be in its final form.

AMY GOODMAN: This is Democracy Now!, democracynow.org, The War and Peace Report. I'm Amy Goodman. I'm Amy Goodman, with Juan González.

JUAN GONZÁLEZ: Well, first of all, we're going to talk about what's happening in the United States right now. You know, President Trump has called for an investigation into Russia's interference in the 2016 presidential election. He said he wants to see if there was any collusion between the Trump campaign and Russia. And you know, it's hard to say whether that's true or not.
[SPINE]: This is a rush transcript. Copy may not be in its final form.

AMY GOODMAN: This is Democracy Now!, democracynow.org, The War and Peace Report. I'm Amy Goodman. I'm Amy Goodman, with Juan González.

JUAN GONZÁLEZ: Well, first of all, we're going to talk about what's happening in Syria right now. We're talking about President Bashar al-Assad's use of chemical weapons against his own people. He has used chemical weapons against his own people. And the United Nations says that he's responsible for the deaths of more than 1,000 people. In fact, there are reports that
[RIB]: This is a rush transcript. Copy may not be in its final form.

AMY GOODMAN: This is Democracy Now!, democracynow.org, The War and Peace Report. I'm Amy Goodman. I'm Amy Goodman, with Juan González.

JUAN GONZÁLEZ: Well, first of all, we're going to talk about what's happening in Syria right now. We're talking about President Bashar al-Assad's use of chemical weapons against his own people. He has used chemical weapons against his own people. And the United Nations says that he's responsible for the deaths of more than 1,000 people. In fact, there are reports that
[STERNUM]: This is a rush transcript. Copy may not be in its final form.

AMY GOODMAN: This is Democracy Now!, democracynow.org, The War and Peace Report. I'm Amy Goodman. I'm Amy Goodman, with Juan González.

JUAN GONZÁLEZ: Well, let's talk about the war in Syria. You know, President Obama has said that he wants to see an end to the use of chemical weapons by the Syrian government. But what does that mean for you?

JUAN GONZÁLEZ: Well, first of all, it means that we're going to have to stop using chemical weapons
[LIVER]: This is a rush transcript. Copy may not be in its final form.

AMY GOODMAN: This is Democracy Now!, democracynow.org, The War and Peace Report. I'm Amy Goodman. I'm Amy Goodman, with Juan González.

JUAN GONZÁLEZ: Well, first of all, we're going to talk about what's happening in Syria right now. We're talking about President Bashar al-Assad's use of chemical weapons against his own people. He has used chemical weapons against his own people. And the United Nations has called for an international investigation into whether he was responsible for the deaths of hundreds of thousands of people.
[GALLBLADDER]: This is a rush transcript. Copy may not be in its final form.

AMY GOODMAN: This is Democracy Now!, democracynow.org, The War and Peace Report. I'm Amy Goodman. I'm Amy Goodman, with Juan González.

JUAN GONZÁLEZ: Well, first of all, we're going to talk about what's happening in the United States right now. You know, President Trump has called for an investigation into Russia's interference in the 2016 presidential election. He said he wants to see if there was any collusion between the Trump campaign and Russia. And you know, it's hard to say whether that's true or not.
[STOMACH]: This is a rush transcript. Copy may not be in its final form.

AMY GOODMAN: This is Democracy Now!, democracynow.org, The War and Peace Report. I'm Amy Goodman. I'm Amy Goodman, with Juan González.

JUAN GONZÁLEZ: Well, first of all, we're going to talk about what's happening in Syria right now. We're talking about President Bashar al-Assad's use of chemical weapons against his own people. He has used chemical weapons against his own people. And the United Nations says that he's responsible for the deaths of more than 1,000 people. In fact, there are reports that
[PANCREAS]: This is a rush transcript. Copy may not be in its final form.

AMY GOODMAN: This is Democracy Now!, democracynow.org, The War and Peace Report. I'm Amy Goodman. I'm Amy Goodman, with Juan González.

JUAN GONZÁLEZ: Well, first of all, we're going to talk about what's happening in the United States right now. You know, President Trump has called for an investigation into Russia's interference in the 2016 presidential election. He said he wants to see if there was any collusion between the Trump campaign and Russia. And you know, it's hard to say whether that's true or not.
[SPLEEN]: This is a rush transcript. Copy may not be in its final form.

AMY GOODMAN: This is Democracy Now!, democracynow.org, The War and Peace Report. I'm Amy Goodman. I'm Amy Goodman, with Juan González.

JUAN GONZÁLEZ: Well, let's talk about the war in Syria. You know, President Obama has said that he wants to see an end to the use of chemical weapons by the Syrian government. But what does that mean for you?

JUAN GONZÁLEZ: Well, first of all, it means that we're going to have to stop using chemical weapons
[KIDNEY]: This is a rush transcript. Copy may not be in its final form.

AMY GOODMAN: This is Democracy Now!, democracynow.org, The War and Peace Report. I'm Amy Goodman. I'm Amy Goodman, with Juan González.

JUAN GONZÁLEZ: Well, first of all, we're going to talk about what's happening in Syria right now. We're talking about President Bashar al-Assad's use of chemical weapons against his own people. He has used chemical weapons against his own people. And the United Nations says that Assad has used chemical weapons against his own people. What do you think?

JUAN G
[ADRENAL]: This is a rush transcript. Copy may not be in its final form.

AMY GOODMAN: This is Democracy Now!, democracynow.org, The War and Peace Report. I'm Amy Goodman. I'm Amy Goodman, with Juan González.

JUAN GONZÁLEZ: Well, first of all, we're going to talk about what's happening in the United States right now. You know, President Trump has called for an investigation into Russia's interference in the 2016 presidential election. He said he wants to see if there was any collusion between the Trump campaign and Russia. And you know, it's hard to say whether that's true or not.
[COLON]: This is a rush transcript. Copy may not be in its final form.

AMY GOODMAN: This is Democracy Now!, democracynow.org, The War and Peace Report. I'm Amy Goodman. I'm Amy Goodman, with Juan González.

JUAN GONZÁLEZ: Well, let's talk about the war in Syria. You know, President Obama has said that he wants to see an end to the use of chemical weapons against civilians in Syria. But what does that mean for the United States?

JUAN GONZÁLEZ: Well, first of all, it means that the United States will no longer be able
[INTESTINE]: This is a rush transcript. Copy may not be in its final form.

AMY GOODMAN: This is Democracy Now!, democracynow.org, The War and Peace Report. I'm Amy Goodman. I'm Amy Goodman, with Juan González.

JUAN GONZÁLEZ: Well, first of all, we're going to talk about what's happening in Syria right now. We're talking about President Bashar al-Assad's use of chemical weapons against his own people. He has used chemical weapons against his own people. And the United Nations has called for an international investigation into whether he used chemical weapons against his own people.

Now, there are
[BLADDER]: This is a rush transcript. Copy may not be in its final form.

AMY GOODMAN: This is Democracy Now!, democracynow.org, The War and Peace Report. I'm Amy Goodman. I'm Amy Goodman, with Juan González.

JUAN GONZÁLEZ: Well, first of all, we're going to talk about what's happening in Syria right now. We're talking about President Bashar al-Assad's use of chemical weapons against his own people. He has used chemical weapons against his own people. And the United Nations has called for an international investigation into whether he was responsible for the attack on Khan Sheikhoun, which killed more than
[PROSTATE]: This is a rush transcript. Copy may not be in its final form.

AMY GOODMAN: This is Democracy Now!, democracynow.org, The War and Peace Report. I'm Amy Goodman. I'm Amy Goodman, with Juan González.

JUAN GONZÁLEZ: Well, let's talk about the war in Syria. You know, President Obama has said that he wants to see an end to the use of chemical weapons against civilians in Syria. But what does that mean for the United States?

JUAN GONZÁLEZ: Well, first of all, it means that the United States will no longer be able
[UTERUS]: This is a rush transcript. Copy may not be in its final form.

AMY GOODMAN: This is Democracy Now!, democracynow.org, The War and Peace Report. I'm Amy Goodman. I'm Amy Goodman, with Juan González.

JUAN GONZÁLEZ: Well, first of all, we're going to talk about what's happening right now in the United States. We've seen an unprecedented level of violence against women across the country. In New York City alone, more than 1,000 women have been killed by police since the start of the year, according to data from the National Crime Victimization Survey. That's up from just
[HUMERUS]: This is a rush transcript. Copy may not be in its final form.

AMY GOODMAN: This is Democracy Now!, democracynow.org, The War and Peace Report. I'm Amy Goodman. I'm Amy Goodman, with Juan González.

JUAN GONZÁLEZ: Well, first of all, we're going to talk about what's happening in the United States right now. You know, President Trump has called for an investigation into Russia's interference in the 2016 presidential election. He said he wants to see if there was any collusion between the Trump campaign and Russia. And you know, it's hard to say whether that's true or not.
[SCAPULA]: This is a rush transcript. Copy may not be in its final form.

AMY GOODMAN: This is Democracy Now!, democracynow.org, The War and Peace Report. I'm Amy Goodman. I'm Amy Goodman, with Juan González.

JUAN GONZÁLEZ: Well, let's talk about the war in Syria. You know, President Obama has said that he wants to see an end to the use of chemical weapons by the Assad regime. But what does that mean for the United States?

JUAN GONZÁLEZ: Well, first of all, it means that the United States will no longer be able
[CLAVICULA]: This is a rush transcript. Copy may not be in its final form.

AMY GOODMAN: This is Democracy Now!, democracynow.org, The War and Peace Report. I'm Amy Goodman. I'm Amy Goodman, host of The War and Peace Report. We're talking about the war in Syria, which has killed more than 2,000 people since the start of the uprising against President Bashar al-Assad in March 2011. It's been described as ""the worst humanitarian disaster in human history."" What do you mean by that?

JUAN GONZÁLEZ: Well, first of all, we have to remember that there was no military solution to the crisis
[FEMUR]: This is a rush transcript. Copy may not be in its final form.

AMY GOODMAN: This is Democracy Now!, democracynow.org, The War and Peace Report. I'm Amy Goodman. I'm Amy Goodman, with Juan González.

JUAN GONZÁLEZ: Well, let's talk about the war in Syria. You know, President Obama has said that he wants to see an end to the use of chemical weapons by the Syrian government. But what does that mean for you?

JUAN GONZÁLEZ: Well, first of all, it means that we're going to have to stop using chemical weapons
[HIP]: This is a rush transcript. Copy may not be in its final form.

AMY GOODMAN: This is Democracy Now!, democracynow.org, The War and Peace Report. I'm Amy Goodman. I'm Amy Goodman, with Juan González.

JUAN GONZÁLEZ: Well, let's talk about the war in Syria. You know, President Obama has said that he wants to see an end to the use of chemical weapons against civilians in Syria. But what does that mean for the United States?

JUAN GONZÁLEZ: Well, first of all, it means that the United States will no longer be able
[SACRUM]: This is a rush transcript. Copy may not be in its final form.

AMY GOODMAN: This is Democracy Now!, democracynow.org, The War and Peace Report. I'm Amy Goodman. I'm Amy Goodman, with Juan González.

JUAN GONZÁLEZ: Well, first of all, we're going to talk about what's happening in the United States right now. You know, President Trump has called for an investigation into Russia's interference in the 2016 presidential election. He said he wants to see if there was any collusion between the Trump campaign and Russia. And you know, it's hard to say whether that's true or not.
[GLUTEUS]: This is a rush transcript. Copy may not be in its final form.

AMY GOODMAN: This is Democracy Now!, democracynow.org, The War and Peace Report. I'm Amy Goodman. I'm Amy Goodman, with Juan González.

JUAN GONZÁLEZ: Well, first of all, we're going to talk about what's happening in the United States right now. You know, President Trump has called for an investigation into Russia's interference in the 2016 presidential election. He said he wants to see if there was any collusion between the Trump campaign and Russia. And you know, it's hard to say whether that's true or not.
[ILIOPSOAS]: iliopsoas is a term used to refer to an individual who has been diagnosed with multiple sclerosis (MS).

Symptoms of MS include loss of consciousness, weakness, numbness, and/or tingling in the hands or feet. The symptoms may last for up to 24 hours.

Symptoms of MS include loss of consciousness, weakness, numbness, and/or tingling in the hands or feet. The symptoms may last for up to 24 hours. Signs and symptoms of MS include:

Weakness

Tingling in the hands or feet

Blurred vision

Difficulty breathing

Loss of appetite

Nausea
[AUTOCHTHON]: This is a rush transcript. Copy may not be in its final form.

AMY GOODMAN: This is Democracy Now!, democracynow.org, The War and Peace Report. I'm Amy Goodman. I'm Amy Goodman, host of The War and Peace Report. We're talking about the war in Syria, which has killed more than 2,000 people since the start of the uprising against President Bashar al-Assad in March 2011. It's been described as ""the deadliest conflict in Syrian history."" What do you mean by that?

JUAN GONZÁLEZ: Well, first of all, we have to remember that there was a very long period of time before
"
valid_569_a_1,"Patient: valid_569_a_1
[CONCLUSION]: This is the first time we have seen any signs of infection.

We are not sure if there is an infection in the lungs. We do not know if there is an infection in the lungs.

There is no evidence that there is an infection in the lungs. There is no evidence that there is an infection in the lungs.

The patient has been admitted to a hospital for pneumonia. The patient has been discharged from the hospital and is expected to be discharged within 24 hours.

The patient has been discharged from the hospital and is expected to be discharged within 24 hours.

The patient has been discharged from the hospital and is expected to be discharged within 24 hours.
[BRAIN]: This is a rush transcript. Copy may not be in its final form.

AMY GOODMAN: This is Democracy Now!, democracynow.org, The War and Peace Report. I'm Amy Goodman. I'm Amy Goodman, with Juan González.

JUAN GONZÁLEZ: Well, first of all, we're going to talk about what's happening in Syria right now. We're talking about President Bashar al-Assad's use of chemical weapons against his own people. He has used chemical weapons against his own people. And the United Nations says that he's responsible for the deaths of more than 1,000 people. In fact, there are reports that
[FACE]: This is a rush transcript. Copy may not be in its final form.

AMY GOODMAN: This is Democracy Now!, democracynow.org, The War and Peace Report. I'm Amy Goodman. I'm Amy Goodman, with Juan González.

JUAN GONZÁLEZ: Well, first of all, we're going to talk about what's happening in Syria right now. We're talking about President Bashar al-Assad's use of chemical weapons against his own people. He has used chemical weapons against his own people. And the United Nations says that he's responsible for the deaths of more than 1,000 people. In fact, there are reports that
[LUNG]: Abstract:

In a randomized, double-blind, placebo-controlled study in patients with chronic obstructive pulmonary disease (CPE) diagnosis, there was no significant difference between the presence and severity of CPE. The presence of CPE was not detected in both lungs. In addition, there was no significant difference between the presence and severity of CPE in both lungs. There was no significant difference between the presence and severity of CPE in both lungs. No significant difference between the presence and severity of CPE was detected in both lungs. No significant difference between the presence and severity of CPE was detected in both lungs. No significant difference between the presence and severity of CPE was detected in
[HEART]: Describe liver: Hemispheres are normal in the liver. Hemispheres are normal in the liver. Hemispheres are normal in the liver. Hemispheres are normal in the liver. Hemispheres are normal in the liver. Hemispheres are normal in the liver. Hemispheres are normal in the liver. Hemispheres are normal in the liver. Hemispheres are normal in the liver. Hemispheres are normal in the liver. Hemispheres are normal in the liver. Hemispheres are normal in the liver. Hemispheres are normal in the liver. Hemispheres are normal in the liver. Hemispheres are normal in the liver. Hemisp
[AORTA]: Abstract: The main body wall of the esophagus is thickened. The esophagus is thinned, and there are no significant changes in the size of the esophagus. The esophagus is not affected by any other obstructing factors. The esophagus is stable and normal. The esophagus is healthy and normal. The esophagus does not show any abnormal growth. The esophagus is normal. The esophagus is normal. The esophagus is normal. The esophagus is normal. The esophagus is normal. The esophagus is normal. The esophagus is normal. The esophagus is normal. The esophagus
[ESOPHAGUS]: Abstract: The main component of the esophagus was not detected in the esophagus. There were no significant differences between the esophagus and bronchi were detected in the esophagus. The main component of the esophagus was not detected in the esophagus. The main component of the esophagus was not detected in the esophagus. The main component of the esophagus was not detected in the esophagus. The main component of the esophagus was not detected in the esophagus. The main component of the esophagus was not detected in the esophagus. The main component of the esophagus was not detected in the esophagus
[TRACHEA]: Abstract: There are no significant differences between the lungs and bronchi were detected in both lungs. The bronchi were not detected in either lung. No significant changes were detected in either lung. No significant changes were detected in either lung. No significant changes were detected in either lung. No significant changes were detected in either lung. No significant changes were detected in either lung. No significant changes were detected in either lung. No significant changes were detected in either lung. No significant changes were detected in either lung. No significant changes were detected in either lung. No significant changes were detected in either lung. No significant changes were detected in either lung. No significant changes were detected in either lung. No significant changes were
[SPINE]: This is a rush transcript. Copy may not be in its final form.

AMY GOODMAN: This is Democracy Now!, democracynow.org, The War and Peace Report. I'm Amy Goodman. I'm Amy Goodman, with Juan González.

JUAN GONZÁLEZ: Well, first of all, we're going to talk about what's happening in Syria right now. We're talking about President Bashar al-Assad's use of chemical weapons against his own people. He has used chemical weapons against his own people. And the United Nations says that he's responsible for the deaths of more than 1,000 people. In fact, there are reports that
[RIB]: Abstract:

In the present study, there was no significant difference in the size of the lung and bronchiectal layer between the lungs and bronchiectal layers. In the bronchiectal layer, there was no significant difference in the size of the lung and bronchiectal layer. In the bronchiectal layer, there was no significant difference in the size of the lung and bronchiectal layer. In the bronchiectal layer, there was no significant difference in the size of the lung and bronchiectal layer. In the bronchiectal layer, there was no significant difference in the size of the lung and bronchiectal layer. In
[STERNUM]: Describe heart: Heart volume was normal and normal in both lungs. No significant changes were observed in the pulmonary wall of the right ventricenial wall. The left side of the right ventricenial wall was not affected by aorta-chromal lesion. Aorta-chromal lesion was not detected in the left lung. No significant changes were observed in the left lung. No significant changes were observed in the left lung. No significant changes were observed in the left lung. No significant changes were observed in the left lung. No significant changes were observed in the left lung. No significant changes were observed in the left lung. No significant changes were observed in the
[LIVER]: Hepatocyte size was normal and normal in the liver. No significant changes were observed in the liver. The liver was normal and normal in the liver. No significant changes were observed in the liver. The liver was normal and normal in the liver. No significant changes were observed in the liver. The liver was normal and normal in the liver. No significant changes were observed in the liver. The liver was normal and normal in the liver. No significant changes were observed in the liver. The liver was normal and normal in the liver. No significant changes were observed in the liver. The liver was normal and normal in the liver. No significant changes were observed in the liver. The liver
[GALLBLADDER]: This is a rush transcript. Copy may not be in its final form.

AMY GOODMAN: This is Democracy Now!, democracynow.org, The War and Peace Report. I'm Amy Goodman. I'm Amy Goodman, with Juan González.

JUAN GONZÁLEZ: Well, first of all, we're going to talk about what's happening in the United States right now. You know, President Trump has called for an investigation into Russia's interference in the 2016 presidential election. He said he wants to see if there was any collusion between the Trump campaign and Russia. And you know, it's hard to say whether that's true or not.
[STOMACH]: Description:

Describe the contour of the esophagus. The esophagus is thickened with a thickening layer in the esophagus. The esophagus is thinened with a thickening layer in the esophagus. The esophagus is thickened with a thickening layer in the esophagus. The esophagus is thickened with a thickening layer in the esophagus. The esophagus is thickened with a thickening layer in the esophagus. The esophagus is thickened with a thickening layer in the esophagus. The esophagus is thickened with a thickening layer in the esophagus.
[PANCREAS]: Describe esophagus: The esophagus is thickened and normal size was observed in the esophagus. The esophagus was not affected by any other cause. The esophagus was normal size in the esophagus. The esophagus was normal size in the esophagus. The esophagus was normal size in the esophagus. The esophagus was normal size in the esophagus. The esophagus was normal size in the esophagus. The esophagus was normal size in the esophagus. The esophagus was normal size in the esophagus. The esophagus was normal size in the esophagus. The
[SPLEEN]: Abstract:

In the liver, there is a significant increase in the presence of hepatic lipotoxicity. Hepatic lipotoxicity was not detected in the liver at baseline. In the liver, there was no significant increase in the presence of hepatic lipotoxicity during the first trachea. In the liver, there was no significant increase in the presence of hepatic lipotoxicity during the first trachea. In the liver, there was no significant increase in the presence of hepatic lipotoxicity during the first trachea. In the liver, there was no significant increase in the presence of hepatic lipotoxicity during the first trachea. In the liver,
[KIDNEY]: This is a rush transcript. Copy may not be in its final form.

AMY GOODMAN: This is Democracy Now!, democracynow.org, The War and Peace Report. I'm Amy Goodman. I'm Amy Goodman, with Juan González.

JUAN GONZÁLEZ: Well, first of all, we're going to talk about what's happening in Syria right now. We're talking about President Bashar al-Assad's use of chemical weapons against his own people. He has used chemical weapons against his own people. And the United Nations says that Assad has used chemical weapons against his own people. What do you think?

JUAN G
[ADRENAL]: This is a rush transcript. Copy may not be in its final form.

AMY GOODMAN: This is Democracy Now!, democracynow.org, The War and Peace Report. I'm Amy Goodman. I'm Amy Goodman, with Juan González.

JUAN GONZÁLEZ: Well, first of all, we're going to talk about what's happening in the United States right now. You know, President Trump has called for an investigation into Russia's interference in the 2016 presidential election. He said he wants to see if there was any collusion between the Trump campaign and Russia. And you know, it's hard to say whether that's true or not.
[COLON]: Abstract:

In the present study, there were no significant changes in the liver cirtebral esophagus. The liver cirtebral esophagus was not significantly different from that observed in the previous study. In the liver cirtebral esophagus, there were no significant changes in the liver cirtebral esophagus. The liver cirtebral esophagus was not significantly different from that observed in the previous study. In the liver cirtebral esophagus, there were no significant changes in the liver cirtebral esophagus. The liver cirtebral esophagus was not significantly different from that observed in the previous study. In the liver cirtebral es
[INTESTINE]: This is a rush transcript. Copy may not be in its final form.

AMY GOODMAN: This is Democracy Now!, democracynow.org, The War and Peace Report. I'm Amy Goodman. I'm Amy Goodman, with Juan González.

JUAN GONZÁLEZ: Well, first of all, we're going to talk about what's happening in Syria right now. We're talking about President Bashar al-Assad's use of chemical weapons against his own people. He has used chemical weapons against his own people. And the United Nations has called for an international investigation into whether he used chemical weapons against his own people.

Now, there are
[BLADDER]: This is a rush transcript. Copy may not be in its final form.

AMY GOODMAN: This is Democracy Now!, democracynow.org, The War and Peace Report. I'm Amy Goodman. I'm Amy Goodman, with Juan González.

JUAN GONZÁLEZ: Well, first of all, we're going to talk about what's happening in Syria right now. We're talking about President Bashar al-Assad's use of chemical weapons against his own people. He has used chemical weapons against his own people. And the United Nations has called for an international investigation into whether he was responsible for the attack on Khan Sheikhoun, which killed more than
[PROSTATE]: This is a rush transcript. Copy may not be in its final form.

AMY GOODMAN: This is Democracy Now!, democracynow.org, The War and Peace Report. I'm Amy Goodman. I'm Amy Goodman, with Juan González.

JUAN GONZÁLEZ: Well, let's talk about the war in Syria. You know, President Obama has said that he wants to see an end to the use of chemical weapons against civilians in Syria. But what does that mean for the United States?

JUAN GONZÁLEZ: Well, first of all, it means that the United States will no longer be able
[UTERUS]: This is a rush transcript. Copy may not be in its final form.

AMY GOODMAN: This is Democracy Now!, democracynow.org, The War and Peace Report. I'm Amy Goodman. I'm Amy Goodman, with Juan González.

JUAN GONZÁLEZ: Well, first of all, we're going to talk about what's happening right now in the United States. We've seen an unprecedented level of violence against women across the country. In New York City alone, more than 1,000 women have been killed by police since the start of the year, according to data from the National Crime Victimization Survey. That's up from just
[HUMERUS]: This is a rush transcript. Copy may not be in its final form.

AMY GOODMAN: This is Democracy Now!, democracynow.org, The War and Peace Report. I'm Amy Goodman. I'm Amy Goodman, with Juan González.

JUAN GONZÁLEZ: Well, first of all, we're going to talk about what's happening in the United States right now. You know, President Trump has called for an investigation into Russia's interference in the 2016 presidential election. He said he wants to see if there was any collusion between the Trump campaign and Russia. And you know, it's hard to say whether that's true or not.
[SCAPULA]: Abstract:

The main body structure of the liver was normal and normal. The liver was normal in all regions of the liver. The liver was normal in all regions of the liver. The liver was normal in all regions of the liver. The liver was normal in all regions of the liver. The liver was normal in all regions of the liver. The liver was normal in all regions of the liver. The liver was normal in all regions of the liver. The liver was normal in all regions of the liver. The liver was normal in all regions of the liver. The liver was normal in all regions of the liver. The liver was normal in all regions of the liver. The liver was normal
[CLAVICULA]: This is a rush transcript. Copy may not be in its final form.

AMY GOODMAN: This is Democracy Now!, democracynow.org, The War and Peace Report. I'm Amy Goodman. I'm Amy Goodman, host of The War and Peace Report. We're talking about the war in Syria, which has killed more than 2,000 people since the start of the uprising against President Bashar al-Assad in March 2011. It's been described as ""the worst humanitarian disaster in human history."" What do you mean by that?

JUAN GONZÁLEZ: Well, first of all, we have to remember that there was no military solution to the crisis
[FEMUR]: This is a rush transcript. Copy may not be in its final form.

AMY GOODMAN: This is Democracy Now!, democracynow.org, The War and Peace Report. I'm Amy Goodman. I'm Amy Goodman, with Juan González.

JUAN GONZÁLEZ: Well, let's talk about the war in Syria. You know, President Obama has said that he wants to see an end to the use of chemical weapons by the Syrian government. But what does that mean for you?

JUAN GONZÁLEZ: Well, first of all, it means that we're going to have to stop using chemical weapons
[HIP]: This is a rush transcript. Copy may not be in its final form.

AMY GOODMAN: This is Democracy Now!, democracynow.org, The War and Peace Report. I'm Amy Goodman. I'm Amy Goodman, with Juan González.

JUAN GONZÁLEZ: Well, let's talk about the war in Syria. You know, President Obama has said that he wants to see an end to the use of chemical weapons against civilians in Syria. But what does that mean for the United States?

JUAN GONZÁLEZ: Well, first of all, it means that the United States will no longer be able
[SACRUM]: This is a rush transcript. Copy may not be in its final form.

AMY GOODMAN: This is Democracy Now!, democracynow.org, The War and Peace Report. I'm Amy Goodman. I'm Amy Goodman, with Juan González.

JUAN GONZÁLEZ: Well, first of all, we're going to talk about what's happening in the United States right now. You know, President Trump has called for an investigation into Russia's interference in the 2016 presidential election. He said he wants to see if there was any collusion between the Trump campaign and Russia. And you know, it's hard to say whether that's true or not.
[GLUTEUS]: This is a rush transcript. Copy may not be in its final form.

AMY GOODMAN: This is Democracy Now!, democracynow.org, The War and Peace Report. I'm Amy Goodman. I'm Amy Goodman, with Juan González.

JUAN GONZÁLEZ: Well, first of all, we're going to talk about what's happening in the United States right now. You know, President Trump has called for an investigation into Russia's interference in the 2016 presidential election. He said he wants to see if there was any collusion between the Trump campaign and Russia. And you know, it's hard to say whether that's true or not.
[ILIOPSOAS]: iliopsoas is a term used to refer to an individual who has been diagnosed with multiple sclerosis (MS).

Symptoms of MS include loss of consciousness, weakness, numbness, and/or tingling in the hands or feet. The symptoms may last for up to 24 hours.

Symptoms of MS include loss of consciousness, weakness, numbness, and/or tingling in the hands or feet. The symptoms may last for up to 24 hours. Signs and symptoms of MS include:

Weakness

Tingling in the hands or feet

Blurred vision

Difficulty breathing

Loss of appetite

Nausea
[AUTOCHTHON]: Describe the contour of the liver: Hemoracic lesion was not detected in the liver. Aorta were not detected in the liver. No other abnormalities were observed in the liver. The liver was normal and normal. No significant changes were observed in the liver. No significant changes were observed in the liver. No significant changes were observed in the liver. No significant changes were observed in the liver. No significant changes were observed in the liver. No significant changes were observed in the liver. No significant changes were observed in the liver. No significant changes were observed in the liver. No significant changes were observed in the liver. No significant changes were observed in the liver. No significant changes
"
valid_200_a_1,"Patient: valid_200_a_1
[CONCLUSION]: This is the first time that we have been able to see any signs of a heart attack.

We are not sure how long it will take for your heart to stop beating.

You should be able to tell if you have a heart attack by looking at your chest.

If you do not have a heart attack, you should be able to tell if you have a heart attack by looking at your chest.

If you have a heart attack, you should be able to tell if you have a heart attack by looking at your chest.

If you have a heart attack, you should be able to tell if you have a heart attack by looking at your chest.
[BRAIN]: This is a rush transcript. Copy may not be in its final form.

AMY GOODMAN: This is Democracy Now!, democracynow.org, The War and Peace Report. I'm Amy Goodman. I'm Amy Goodman, with Juan González.

JUAN GONZÁLEZ: Well, first of all, we're going to talk about what's happening in Syria right now. We're talking about President Bashar al-Assad's use of chemical weapons against his own people. He has used chemical weapons against his own people. And the United Nations says that he's responsible for the deaths of more than 1,000 people. In fact, there are reports that
[FACE]: This is a rush transcript. Copy may not be in its final form.

AMY GOODMAN: This is Democracy Now!, democracynow.org, The War and Peace Report. I'm Amy Goodman. I'm Amy Goodman, with Juan González.

JUAN GONZÁLEZ: Well, first of all, we're going to talk about what's happening in Syria right now. We're talking about President Bashar al-Assad's use of chemical weapons against his own people. He has used chemical weapons against his own people. And the United Nations says that he's responsible for the deaths of more than 1,000 people. In fact, there are reports that
[LUNG]: Abstract

In this study, we examined the association between smoking status and risk of lung cancer in both sexes. We found no significant association between smoking status and risk of lung cancer in both sexes. In addition, there was no significant association between smoking status and risk of lung cancer in both sexes. There was no significant association between smoking status and risk of lung cancer in both sexes. No significant association between smoking status and risk of lung cancer in both sexes was observed in any of the three subtypes of lung cancer detected in the lungs. No significant association between smoking status and risk of lung cancer in both sexes was observed in any of the three subtypes of lung cancer detected in the lungs. No significant
[HEART]: Description:

The main body structure of the lung is normal. The main body structure is normal in both lungs. The main body structure is normal in both lungs. The main body structure is normal in both lungs. The main body structure is normal in both lungs. The main body structure is normal in both lungs. The main body structure is normal in both lungs. The main body structure is normal in both lungs. The main body structure is normal in both lungs. The main body structure is normal in both lungs. The main body structure is normal in both lungs. The main body structure is normal in both lungs. The main body structure is normal in both lungs. The main body structure is normal in
[AORTA]: Description:

Aorta size is normal in both men and women. Aorta volume is normal in both men and women. Aorta volume is normal in both men and women. Aorta volume is normal in both men and women. Aorta volume is normal in both men and women. Aorta volume is normal in both men and women. Aorta volume is normal in both men and women. Aorta volume is normal in both men and women. Aorta volume is normal in both men and women. Aorta volume is normal in both men and women. Aorta volume is normal in both men and women. Aorta volume is
[ESOPHAGUS]: A new study suggests that the presence of a tumor in the esophagus is not associated with cancer progression. The presence of a tumor in the esophagus is not associated with cancer progression. The presence of a tumor in the esophagus is not associated with cancer progression. The presence of a tumor in the esophagus is not associated with cancer progression. The presence of a tumor in the esophagus is not associated with cancer progression. The presence of a tumor in the esophagus is not associated with cancer progression. The presence of a tumor in the esophagus is not associated with cancer progression. The presence of a tumor in the esophagus is not associated with cancer progression.
[TRACHEA]: Abstract: There are no significant differences between the lungs and bronchi in any of the main lung segments. The main lung segment is located in the middle of the main lung segment. The main lung segment is located in the middle of the main lung segment. The main lung segment is located in the middle of the main lung segment. The main lung segment is located in the middle of the main lung segment. The main lung segment is located in the middle of the main lung segment. The main lung segment is located in the middle of the main lung segment. The main lung segment is located in the middle of the main lung segment. The main lung segment is located in the middle of the main lung segment.
[SPINE]: This is a rush transcript. Copy may not be in its final form.

AMY GOODMAN: This is Democracy Now!, democracynow.org, The War and Peace Report. I'm Amy Goodman. I'm Amy Goodman, with Juan González.

JUAN GONZÁLEZ: Well, first of all, we're going to talk about what's happening in Syria right now. We're talking about President Bashar al-Assad's use of chemical weapons against his own people. He has used chemical weapons against his own people. And the United Nations says that he's responsible for the deaths of more than 1,000 people. In fact, there are reports that
[RIB]: Image copyright Getty Images Image caption The main artery in the right side of the brain was damaged.

The main artery in the right side of the brain was damaged, according to a study published in the British Journal of Thoracic Thoracic Fracture.

The main artery in the right side of the brain was damaged, according to a study published in the British Journal of Thoracic Thoracic Fracture.

The main artery in the right side of the brain was damaged, according to a study published in the British Journal of Thoracic Thoracic Fracture.

The main artery in the right side of the brain was damaged, according to a study published
[STERNUM]: Description:

The main artery in the right ventricenial wall was not damaged. The main artery in the right ventricenial wall was not damaged. The main artery in the right ventricenial wall was not damaged. The main artery in the right ventricenial wall was not damaged. The main artery in the right ventricenial wall was not damaged. The main artery in the right ventricenial wall was not damaged. The main artery in the right ventricenial wall was not damaged. The main artery in the right ventricenial wall was not damaged. The main artery in the right ventricenial wall was not damaged. The main
[LIVER]: Description

Describe heart: A large vein was found in the middle part of the heart. The size and shape of the heart were similar to that of normal heart. The size and shape of the heart were similar to normal heart. The size and shape of the heart were similar to normal heart. The size and shape of the heart were similar to normal heart. The size and shape of the heart were similar to normal heart. The size and shape of the heart were similar to normal heart. The size and shape of the heart were similar to normal heart. The size and shape of the heart were similar to normal heart. The size and shape of the heart were similar to normal heart. The size
[GALLBLADDER]: This is a rush transcript. Copy may not be in its final form.

AMY GOODMAN: This is Democracy Now!, democracynow.org, The War and Peace Report. I'm Amy Goodman. I'm Amy Goodman, with Juan González.

JUAN GONZÁLEZ: Well, first of all, we're going to talk about what's happening in the United States right now. You know, President Trump has called for an investigation into Russia's interference in the 2016 presidential election. He said he wants to see if there was any collusion between the Trump campaign and Russia. And you know, it's hard to say whether that's true or not.
[STOMACH]: Description:

The main artery in the right side of the abdomen was enlarged and normal size was observed. The left side of the abdomen was enlarged and normal size was observed. The right side of the abdomen was enlarged and normal size was observed. The right side of the abdomen was enlarged and normal size was observed. The right side of the abdomen was enlarged and normal size was observed. The right side of the abdomen was enlarged and normal size was observed. The right side of the abdomen was enlarged and normal size was observed. The right side of the abdomen was enlarged and normal size was observed. The right side of the abdomen was enlarged and normal size was observed. The right side of the abdomen was
[PANCREAS]: This is a rush transcript. Copy may not be in its final form.

AMY GOODMAN: This is Democracy Now!, democracynow.org, The War and Peace Report. I'm Amy Goodman. I'm Amy Goodman, with Juan González.

JUAN GONZÁLEZ: Well, first of all, we're going to talk about what's happening in the United States right now. You know, President Trump has called for an investigation into Russia's interference in the 2016 presidential election. He said he wants to see if there was any collusion between the Trump campaign and Russia. And you know, it's hard to say whether that's true or not.
[SPLEEN]: This is the third time in a month that we have seen an increase in blood flow to the liver. The liver was not affected by any other cause.

The liver was normal and normal in all regions of the liver. The liver was normal in all regions of the liver. The liver was normal in all regions of the liver. The liver was normal in all regions of the liver. The liver was normal in all regions of the liver. The liver was normal in all regions of the liver. The liver was normal in all regions of the liver. The liver was normal in all regions of the liver. The liver was normal in all regions of the liver. The liver was normal in all regions
[KIDNEY]: This is a rush transcript. Copy may not be in its final form.

AMY GOODMAN: This is Democracy Now!, democracynow.org, The War and Peace Report. I'm Amy Goodman. I'm Amy Goodman, with Juan González.

JUAN GONZÁLEZ: Well, first of all, we're going to talk about what's happening in Syria right now. We're talking about President Bashar al-Assad's use of chemical weapons against his own people. He has used chemical weapons against his own people. And the United Nations says that Assad has used chemical weapons against his own people. What do you think?

JUAN G
[ADRENAL]: This is a rush transcript. Copy may not be in its final form.

AMY GOODMAN: This is Democracy Now!, democracynow.org, The War and Peace Report. I'm Amy Goodman. I'm Amy Goodman, with Juan González.

JUAN GONZÁLEZ: Well, first of all, we're going to talk about what's happening in the United States right now. You know, President Trump has called for an investigation into Russia's interference in the 2016 presidential election. He said he wants to see if there was any collusion between the Trump campaign and Russia. And you know, it's hard to say whether that's true or not.
[COLON]: This is a rush transcript. Copy may not be in its final form.

AMY GOODMAN: This is Democracy Now!, democracynow.org, The War and Peace Report. I'm Amy Goodman. I'm Amy Goodman, with Juan González.

JUAN GONZÁLEZ: Well, let's talk about the war in Syria. You know, President Obama has said that he wants to see an end to the use of chemical weapons against civilians in Syria. But what does that mean for the United States?

JUAN GONZÁLEZ: Well, first of all, it means that the United States will no longer be able
[INTESTINE]: This is a rush transcript. Copy may not be in its final form.

AMY GOODMAN: This is Democracy Now!, democracynow.org, The War and Peace Report. I'm Amy Goodman. I'm Amy Goodman, with Juan González.

JUAN GONZÁLEZ: Well, first of all, we're going to talk about what's happening in Syria right now. We're talking about President Bashar al-Assad's use of chemical weapons against his own people. He has used chemical weapons against his own people. And the United Nations has called for an international investigation into whether he used chemical weapons against his own people.

Now, there are
[BLADDER]: This is a rush transcript. Copy may not be in its final form.

AMY GOODMAN: This is Democracy Now!, democracynow.org, The War and Peace Report. I'm Amy Goodman. I'm Amy Goodman, with Juan González.

JUAN GONZÁLEZ: Well, first of all, we're going to talk about what's happening in Syria right now. We're talking about President Bashar al-Assad's use of chemical weapons against his own people. He has used chemical weapons against his own people. And the United Nations has called for an international investigation into whether he was responsible for the attack on Khan Sheikhoun, which killed more than
[PROSTATE]: This is a rush transcript. Copy may not be in its final form.

AMY GOODMAN: This is Democracy Now!, democracynow.org, The War and Peace Report. I'm Amy Goodman. I'm Amy Goodman, with Juan González.

JUAN GONZÁLEZ: Well, let's talk about the war in Syria. You know, President Obama has said that he wants to see an end to the use of chemical weapons against civilians in Syria. But what does that mean for the United States?

JUAN GONZÁLEZ: Well, first of all, it means that the United States will no longer be able
[UTERUS]: This is a rush transcript. Copy may not be in its final form.

AMY GOODMAN: This is Democracy Now!, democracynow.org, The War and Peace Report. I'm Amy Goodman. I'm Amy Goodman, with Juan González.

JUAN GONZÁLEZ: Well, first of all, we're going to talk about what's happening right now in the United States. We've seen an unprecedented level of violence against women across the country. In New York City alone, more than 1,000 women have been killed by police since the start of the year, according to data from the National Crime Victimization Survey. That's up from just
[HUMERUS]: This is a rush transcript. Copy may not be in its final form.

AMY GOODMAN: This is Democracy Now!, democracynow.org, The War and Peace Report. I'm Amy Goodman. I'm Amy Goodman, with Juan González.

JUAN GONZÁLEZ: Well, first of all, we're going to talk about what's happening in the United States right now. You know, President Trump has called for an investigation into Russia's interference in the 2016 presidential election. He said he wants to see if there was any collusion between the Trump campaign and Russia. And you know, it's hard to say whether that's true or not.
[SCAPULA]: Image copyright Getty Images

A man who suffered a heart attack at the heart-thickening level of the heart was admitted to hospital.

The heart was normal and normal in the right ventricles, but there were no significant changes in the left ventricles.

Blood flow was normal and normal in the left ventricles, but there were no significant changes in the left ventricles.

No significant changes in the left ventricles were observed.

No significant changes in the left ventricles were observed.

No significant changes in the left ventricles were observed.

No significant changes in the left ventricles were observed.
[CLAVICULA]: This is a rush transcript. Copy may not be in its final form.

AMY GOODMAN: This is Democracy Now!, democracynow.org, The War and Peace Report. I'm Amy Goodman. I'm Amy Goodman, host of The War and Peace Report. We're talking about the war in Syria, which has killed more than 2,000 people since the start of the uprising against President Bashar al-Assad in March 2011. It's been described as ""the worst humanitarian disaster in human history."" What do you mean by that?

JUAN GONZÁLEZ: Well, first of all, we have to remember that there was no military solution to the crisis
[FEMUR]: This is a rush transcript. Copy may not be in its final form.

AMY GOODMAN: This is Democracy Now!, democracynow.org, The War and Peace Report. I'm Amy Goodman. I'm Amy Goodman, with Juan González.

JUAN GONZÁLEZ: Well, let's talk about the war in Syria. You know, President Obama has said that he wants to see an end to the use of chemical weapons by the Syrian government. But what does that mean for you?

JUAN GONZÁLEZ: Well, first of all, it means that we're going to have to stop using chemical weapons
[HIP]: This is a rush transcript. Copy may not be in its final form.

AMY GOODMAN: This is Democracy Now!, democracynow.org, The War and Peace Report. I'm Amy Goodman. I'm Amy Goodman, with Juan González.

JUAN GONZÁLEZ: Well, let's talk about the war in Syria. You know, President Obama has said that he wants to see an end to the use of chemical weapons against civilians in Syria. But what does that mean for the United States?

JUAN GONZÁLEZ: Well, first of all, it means that the United States will no longer be able
[SACRUM]: This is a rush transcript. Copy may not be in its final form.

AMY GOODMAN: This is Democracy Now!, democracynow.org, The War and Peace Report. I'm Amy Goodman. I'm Amy Goodman, with Juan González.

JUAN GONZÁLEZ: Well, first of all, we're going to talk about what's happening in the United States right now. You know, President Trump has called for an investigation into Russia's interference in the 2016 presidential election. He said he wants to see if there was any collusion between the Trump campaign and Russia. And you know, it's hard to say whether that's true or not.
[GLUTEUS]: This is a rush transcript. Copy may not be in its final form.

AMY GOODMAN: This is Democracy Now!, democracynow.org, The War and Peace Report. I'm Amy Goodman. I'm Amy Goodman, with Juan González.

JUAN GONZÁLEZ: Well, first of all, we're going to talk about what's happening in the United States right now. You know, President Trump has called for an investigation into Russia's interference in the 2016 presidential election. He said he wants to see if there was any collusion between the Trump campaign and Russia. And you know, it's hard to say whether that's true or not.
[ILIOPSOAS]: iliopsoas is a term used to refer to an individual who has been diagnosed with multiple sclerosis (MS).

Symptoms of MS include loss of consciousness, weakness, numbness, and/or tingling in the hands or feet. The symptoms may last for up to 24 hours.

Symptoms of MS include loss of consciousness, weakness, numbness, and/or tingling in the hands or feet. The symptoms may last for up to 24 hours. Signs and symptoms of MS include:

Weakness

Tingling in the hands or feet

Blurred vision

Difficulty breathing

Loss of appetite

Nausea
[AUTOCHTHON]: Description: The left side of the right ventricenial artery was enlarged. The right ventricenial artery was enlarged in both directions. The left side of the right ventricenial artery was enlarged in both directions. The left side of the right ventricenial artery was enlarged in both directions. The left side of the right ventricenial artery was enlarged in both directions. The left side of the right ventricenial artery was enlarged in both directions. The left side of the right ventricenial artery was enlarged in both directions. The left side of the right ventricenial artery was enlarged in both directions. The left side of the right ventricenial
"
valid_169_a_1,"Patient: valid_169_a_1
[CONCLUSION]: This is the first time that we have been able to confirm that there are no significant differences between the two groups.

Both groups were found to be significantly different from each other in terms of age, sex, and body mass index (BMI). Both groups were found to be more likely to be at risk for heart disease. Both groups were found to be less likely to develop lung cancer. Both groups were found to be less likely to develop liver cancer. Both groups were found to be less likely to develop kidney cancer. Both groups were found to be less likely to develop breast cancer. Both groups were found to be less likely to develop pancreatic cancer. Both groups were found to be less likely
[BRAIN]: This is a rush transcript. Copy may not be in its final form.

AMY GOODMAN: This is Democracy Now!, democracynow.org, The War and Peace Report. I'm Amy Goodman. I'm Amy Goodman, with Juan González.

JUAN GONZÁLEZ: Well, first of all, we're going to talk about what's happening in Syria right now. We're talking about President Bashar al-Assad's use of chemical weapons against his own people. He has used chemical weapons against his own people. And the United Nations says that he's responsible for the deaths of more than 1,000 people. In fact, there are reports that
[FACE]: This is a rush transcript. Copy may not be in its final form.

AMY GOODMAN: This is Democracy Now!, democracynow.org, The War and Peace Report. I'm Amy Goodman. I'm Amy Goodman, with Juan González.

JUAN GONZÁLEZ: Well, first of all, we're going to talk about what's happening in Syria right now. We're talking about President Bashar al-Assad's use of chemical weapons against his own people. He has used chemical weapons against his own people. And the United Nations says that he's responsible for the deaths of more than 1,000 people. In fact, there are reports that
[LUNG]: This is the first time that we have seen a significant increase in pulmonary edema in patients with chronic obstructive pulmonary edema. The presence of pulmonary edema has not been observed in patients with chronic obstructive pulmonary edema.

In patients with chronic obstructive pulmonary edema, there was no significant difference in pulmonary edema between patients with chronic obstructive pulmonary edema and patients with chronic obstructive pulmonary edema. In patients with chronic obstructive pulmonary edema, there was no significant difference in pulmonary edema between patients with chronic obstructive pulmonary edema and patients with chronic obstructive pulmonary edema. There was no significant difference in pulmonary edema between patients with chronic obstructive pulmonary ed
[HEART]: Description:

The main artery in the right ventricenial wall of the lung is enlarged. The main artery in the right ventricenial wall of the lung is enlarged. The main artery in the right ventricenial wall of the lung is enlarged. The main artery in the right ventricenial wall of the lung is enlarged. The main artery in the right ventricenial wall of the lung is enlarged. The main artery in the right ventricenial wall of the lung is enlarged. The main artery in the right ventricenial wall of the lung is enlarged. The main artery in the right ventricenial wall of the lung is enlarged. The
[AORTA]: A new study has revealed that the brain structure of the right ventric esophagus is not affected by atheroschymal nephritis.

Aorta in the right ventric esophagus was not affected by atheroschymal nephritis.

Aorta in the right ventric esophagus was not affected by atheroschymal nephritis.

Aorta in the right ventric esophagus was not affected by atheroschymal nephritis.

Aorta in the right ventric esophagus was not affected by atheroschymal nephritis.

Aorta in the
[ESOPHAGUS]: Description:

The main artery in the esophagus has been removed. The main artery in the esophagus has been removed. The main artery in the esophagus has been removed. The main artery in the esophagus has been removed. The main artery in the esophagus has been removed. The main artery in the esophagus has been removed. The main artery in the esophagus has been removed. The main artery in the esophagus has been removed. The main artery in the esophagus has been removed. The main artery in the esophagus has been removed. The main artery in the esophagus has been removed. The main artery in the
[TRACHEA]: Abstract: No significant changes were observed in the bronchi, esophagus, lung, and bronchi were examined. Aorta were not detected in any of the lungs or bronchi. There was no significant change in the size of the bronchi, esophagus, lung, or bronchi. No significant changes in the size of the bronchi, esophagus, lung, or bronchi were detected in any of the lungs or bronchi. No significant changes in the size of the bronchi, esophagus, lung, or bronchi were detected in any of the lungs or bronchi. No significant changes in the size of the bronchi, esophagus, lung,
[SPINE]: This is a rush transcript. Copy may not be in its final form.

AMY GOODMAN: This is Democracy Now!, democracynow.org, The War and Peace Report. I'm Amy Goodman. I'm Amy Goodman, with Juan González.

JUAN GONZÁLEZ: Well, first of all, we're going to talk about what's happening in Syria right now. We're talking about President Bashar al-Assad's use of chemical weapons against his own people. He has used chemical weapons against his own people. And the United Nations says that he's responsible for the deaths of more than 1,000 people. In fact, there are reports that
[RIB]: A new study has found that the most common cause of death in patients with chronic obstructive pulmonary disease (COPD) is coronary atherosclerosis.

The findings suggest that COPD may be a major cause of death in patients with chronic obstructive pulmonary disease.

In this study, we compared the number of deaths associated with COPD in patients with chronic obstructive pulmonary disease (COPD).

We found that the most common cause of death in patients with chronic obstructive pulmonary disease (COPD) is coronary atherosclerosis.

Our findings suggest that COPD may be a major cause of death in patients with chronic obstructive pulmonary disease.
[STERNUM]: Abstract:

In the present study, we observed a significant increase in the size of the right ventricenial and left ventricenial portion of the right ventricenial part of the right ventricenial part of the right ventricenial part of the right ventricenial part of the right ventricenial part of the right ventricenial part of the right ventricenial part of the right ventricenial part of the right ventricenial part of the right ventricenial part of the right ventricenial part of the right ventricenial part of the right ventricenial part of the right ventricen
[LIVER]: Image copyright AFP/Getty Images

A man who suffered a heart attack was admitted to the hospital.

He was taken to the intensive care unit at the site of the heart attack.

The heart was found in the left side of the artery.

The right side of the artery was not clear.

The right side of the artery was not clear.

The right side of the artery was not clear.

The right side of the artery was not clear.

The right side of the artery was not clear.

The right side of the artery was not clear.

The right side of the artery was not clear.

The right
[GALLBLADDER]: This is a rush transcript. Copy may not be in its final form.

AMY GOODMAN: This is Democracy Now!, democracynow.org, The War and Peace Report. I'm Amy Goodman. I'm Amy Goodman, with Juan González.

JUAN GONZÁLEZ: Well, first of all, we're going to talk about what's happening in the United States right now. You know, President Trump has called for an investigation into Russia's interference in the 2016 presidential election. He said he wants to see if there was any collusion between the Trump campaign and Russia. And you know, it's hard to say whether that's true or not.
[STOMACH]: Description:

The main body structure of the liver is normal and normal. The liver is thickened with a thin layer of fibronectin in the liver. The liver is smooth and normal. The liver is not affected by cirrhosis. The liver is normal and normal. The liver is normal and normal. The liver is normal and normal. The liver is normal and normal. The liver is normal and normal. The liver is normal and normal. The liver is normal and normal. The liver is normal and normal. The liver is normal and normal. The liver is normal and normal. The liver is normal and normal. The liver is normal and normal. The liver is normal and normal
[PANCREAS]: This is a rush transcript. Copy may not be in its final form.

AMY GOODMAN: This is Democracy Now!, democracynow.org, The War and Peace Report. I'm Amy Goodman. I'm Amy Goodman, with Juan González.

JUAN GONZÁLEZ: Well, first of all, we're going to talk about what's happening in the United States right now. You know, President Trump has called for an investigation into Russia's interference in the 2016 presidential election. He said he wants to see if there was any collusion between the Trump campaign and Russia. And you know, it's hard to say whether that's true or not.
[SPLEEN]: A new study has revealed that the brain structure of the hypothalamus is differentially altered in both male and female mice.

Hormone levels were measured in both male and female mice. The normal HbA concentration was significantly increased in both sexes. The normal HbA concentration was decreased in both sexes. The normal HbA concentration was decreased in both sexes. The normal HbA concentration was decreased in both sexes. The normal HbA concentration was decreased in both sexes. The normal HbA concentration was decreased in both sexes. The normal HbA concentration was decreased in both sexes. The normal HbA concentration was decreased in both sexes. The normal HbA
[KIDNEY]: This is a rush transcript. Copy may not be in its final form.

AMY GOODMAN: This is Democracy Now!, democracynow.org, The War and Peace Report. I'm Amy Goodman. I'm Amy Goodman, with Juan González.

JUAN GONZÁLEZ: Well, first of all, we're going to talk about what's happening in Syria right now. We're talking about President Bashar al-Assad's use of chemical weapons against his own people. He has used chemical weapons against his own people. And the United Nations says that Assad has used chemical weapons against his own people. What do you think?

JUAN G
[ADRENAL]: This is a rush transcript. Copy may not be in its final form.

AMY GOODMAN: This is Democracy Now!, democracynow.org, The War and Peace Report. I'm Amy Goodman. I'm Amy Goodman, with Juan González.

JUAN GONZÁLEZ: Well, first of all, we're going to talk about what's happening in the United States right now. You know, President Trump has called for an investigation into Russia's interference in the 2016 presidential election. He said he wants to see if there was any collusion between the Trump campaign and Russia. And you know, it's hard to say whether that's true or not.
[COLON]: A new study has shown that the presence of a tumor necrosis factor (P < 0.05) in the lung is associated with an increase in the number of small bowel nodules in the colon. The decrease in the number of small bowel nodules in the colon was not observed in the previous study. In this study, there were no significant changes in the number of small bowel nodules in the colon. There were no significant changes in the number of small bowel nodules in the colon.

In this study, there were no significant changes in the number of small bowel nodules in the colon. There were no significant changes in the number of small bowel nodules in the colon. No
[INTESTINE]: This is a rush transcript. Copy may not be in its final form.

AMY GOODMAN: This is Democracy Now!, democracynow.org, The War and Peace Report. I'm Amy Goodman. I'm Amy Goodman, with Juan González.

JUAN GONZÁLEZ: Well, first of all, we're going to talk about what's happening in Syria right now. We're talking about President Bashar al-Assad's use of chemical weapons against his own people. He has used chemical weapons against his own people. And the United Nations has called for an international investigation into whether he used chemical weapons against his own people.

Now, there are
[BLADDER]: This is a rush transcript. Copy may not be in its final form.

AMY GOODMAN: This is Democracy Now!, democracynow.org, The War and Peace Report. I'm Amy Goodman. I'm Amy Goodman, with Juan González.

JUAN GONZÁLEZ: Well, first of all, we're going to talk about what's happening in Syria right now. We're talking about President Bashar al-Assad's use of chemical weapons against his own people. He has used chemical weapons against his own people. And the United Nations has called for an international investigation into whether he was responsible for the attack on Khan Sheikhoun, which killed more than
[PROSTATE]: This is a rush transcript. Copy may not be in its final form.

AMY GOODMAN: This is Democracy Now!, democracynow.org, The War and Peace Report. I'm Amy Goodman. I'm Amy Goodman, with Juan González.

JUAN GONZÁLEZ: Well, let's talk about the war in Syria. You know, President Obama has said that he wants to see an end to the use of chemical weapons against civilians in Syria. But what does that mean for the United States?

JUAN GONZÁLEZ: Well, first of all, it means that the United States will no longer be able
[UTERUS]: This is a rush transcript. Copy may not be in its final form.

AMY GOODMAN: This is Democracy Now!, democracynow.org, The War and Peace Report. I'm Amy Goodman. I'm Amy Goodman, with Juan González.

JUAN GONZÁLEZ: Well, first of all, we're going to talk about what's happening right now in the United States. We've seen an unprecedented level of violence against women across the country. In New York City alone, more than 1,000 women have been killed by police since the start of the year, according to data from the National Crime Victimization Survey. That's up from just
[HUMERUS]: This is a rush transcript. Copy may not be in its final form.

AMY GOODMAN: This is Democracy Now!, democracynow.org, The War and Peace Report. I'm Amy Goodman. I'm Amy Goodman, with Juan González.

JUAN GONZÁLEZ: Well, first of all, we're going to talk about what's happening in the United States right now. You know, President Trump has called for an investigation into Russia's interference in the 2016 presidential election. He said he wants to see if there was any collusion between the Trump campaign and Russia. And you know, it's hard to say whether that's true or not.
[SCAPULA]: Image copyright Getty Images Image caption The body size of the patient was similar to that of normal healthy controls.

Blood volume was normal in the liver and kidneys, but blood loss was observed in the liver and kidneys.

The liver and kidney were normal in the liver and kidneys.

The liver and kidney were normal in the liver and kidneys.

The liver and kidney were normal in the liver and kidneys.

The liver and kidney were normal in the liver and kidneys.

The liver and kidney were normal in the liver and kidneys.

The liver and kidney were normal in the liver and kidneys.

The liver and kidney were normal in the liver and kidneys
[CLAVICULA]: This is a rush transcript. Copy may not be in its final form.

AMY GOODMAN: This is Democracy Now!, democracynow.org, The War and Peace Report. I'm Amy Goodman. I'm Amy Goodman, host of The War and Peace Report. We're talking about the war in Syria, which has killed more than 2,000 people since the start of the uprising against President Bashar al-Assad in March 2011. It's been described as ""the worst humanitarian disaster in human history."" What do you mean by that?

JUAN GONZÁLEZ: Well, first of all, we have to remember that there was no military solution to the crisis
[FEMUR]: This is a rush transcript. Copy may not be in its final form.

AMY GOODMAN: This is Democracy Now!, democracynow.org, The War and Peace Report. I'm Amy Goodman. I'm Amy Goodman, with Juan González.

JUAN GONZÁLEZ: Well, let's talk about the war in Syria. You know, President Obama has said that he wants to see an end to the use of chemical weapons by the Syrian government. But what does that mean for you?

JUAN GONZÁLEZ: Well, first of all, it means that we're going to have to stop using chemical weapons
[HIP]: This is a rush transcript. Copy may not be in its final form.

AMY GOODMAN: This is Democracy Now!, democracynow.org, The War and Peace Report. I'm Amy Goodman. I'm Amy Goodman, with Juan González.

JUAN GONZÁLEZ: Well, let's talk about the war in Syria. You know, President Obama has said that he wants to see an end to the use of chemical weapons against civilians in Syria. But what does that mean for the United States?

JUAN GONZÁLEZ: Well, first of all, it means that the United States will no longer be able
[SACRUM]: This is a rush transcript. Copy may not be in its final form.

AMY GOODMAN: This is Democracy Now!, democracynow.org, The War and Peace Report. I'm Amy Goodman. I'm Amy Goodman, with Juan González.

JUAN GONZÁLEZ: Well, first of all, we're going to talk about what's happening in the United States right now. You know, President Trump has called for an investigation into Russia's interference in the 2016 presidential election. He said he wants to see if there was any collusion between the Trump campaign and Russia. And you know, it's hard to say whether that's true or not.
[GLUTEUS]: This is a rush transcript. Copy may not be in its final form.

AMY GOODMAN: This is Democracy Now!, democracynow.org, The War and Peace Report. I'm Amy Goodman. I'm Amy Goodman, with Juan González.

JUAN GONZÁLEZ: Well, first of all, we're going to talk about what's happening in the United States right now. You know, President Trump has called for an investigation into Russia's interference in the 2016 presidential election. He said he wants to see if there was any collusion between the Trump campaign and Russia. And you know, it's hard to say whether that's true or not.
[ILIOPSOAS]: iliopsoas is a term used to refer to an individual who has been diagnosed with multiple sclerosis (MS).

Symptoms of MS include loss of consciousness, weakness, numbness, and/or tingling in the hands or feet. The symptoms may last for up to 24 hours.

Symptoms of MS include loss of consciousness, weakness, numbness, and/or tingling in the hands or feet. The symptoms may last for up to 24 hours. Signs and symptoms of MS include:

Weakness

Tingling in the hands or feet

Blurred vision

Difficulty breathing

Loss of appetite

Nausea
[AUTOCHTHON]: Description:

This is the first time that a lesion has been detected in the liver. The lesion was not present in the liver at the time of diagnosis. The lesion was not present in the liver at the time of diagnosis. The lesion was not present in the liver at the time of diagnosis. The lesion was not present in the liver at the time of diagnosis. The lesion was not present in the liver at the time of diagnosis. The lesion was not present in the liver at the time of diagnosis. The lesion was not present in the liver at the time of diagnosis. The lesion was not present in the liver at the time of diagnosis. The
"
valid_478_a_1,"Patient: valid_478_a_1
[CONCLUSION]: This is the first time that I've been able to see any signs of infection.

I'm not sure if there are any other symptoms, but it's possible that some of the blood vessels in my liver are inflamed.

My liver is still showing signs of inflammation.

There are no signs of bleeding or swelling in my liver.

The liver is very healthy and well-functioning.

If you have any further questions about your liver, please contact your doctor.
[BRAIN]: This is a rush transcript. Copy may not be in its final form.

AMY GOODMAN: This is Democracy Now!, democracynow.org, The War and Peace Report. I'm Amy Goodman. I'm Amy Goodman, with Juan González.

JUAN GONZÁLEZ: Well, first of all, we're going to talk about what's happening in Syria right now. We're talking about President Bashar al-Assad's use of chemical weapons against his own people. He has used chemical weapons against his own people. And the United Nations says that he's responsible for the deaths of more than 1,000 people. In fact, there are reports that
[FACE]: This is a rush transcript. Copy may not be in its final form.

AMY GOODMAN: This is Democracy Now!, democracynow.org, The War and Peace Report. I'm Amy Goodman. I'm Amy Goodman, with Juan González.

JUAN GONZÁLEZ: Well, first of all, we're going to talk about what's happening in Syria right now. We're talking about President Bashar al-Assad's use of chemical weapons against his own people. He has used chemical weapons against his own people. And the United Nations says that he's responsible for the deaths of more than 1,000 people. In fact, there are reports that
[LUNG]: A new study has shown that the lungs of patients with pulmonary edema are not affected by smoking.

Smoking is a common cause of pulmonary edema, which is associated with bronchial edema in both lungs.

The findings suggest that there is no significant difference in lung function between smokers and non-smokers.

Smoking is not associated with pulmonary edema in both lungs.

Smoking is not associated with pulmonary edema in both lungs.

Smoking is not associated with pulmonary edema in both lungs.

Smoking is not associated with pulmonary edema in both lungs.

Smoking is not associated with pulmonary edema in both
[HEART]: Description:

The main body structure of the liver and liver are normal. The liver is normal. The liver is normal. The liver is normal. The liver is normal. The liver is normal. The liver is normal. The liver is normal. The liver is normal. The liver is normal. The liver is normal. The liver is normal. The liver is normal. The liver is normal. The liver is normal. The liver is normal. The liver is normal. The liver is normal. The liver is normal. The liver is normal. The liver is normal. The liver is normal. The liver is normal. The liver is normal. The liver is normal. The liver is normal.
[AORTA]: Description:

Aorta is an important organ in the heart. Aorta is aorta is aorta is aorta is aorta is aorta is aorta is aorta is aorta is aorta is aorta is aorta is aorta is aorta is aorta is aorta is aorta is aorta is aorta is aorta is aorta is aorta is aorta is aorta is aorta is aorta is aorta is aorta is aorta is aorta is aorta is aort
[ESOPHAGUS]: Description:

Aorta: Aorta is normal and normal. The main artery in the esophagus is normal. The main artery in the esophagus is normal. The main artery in the esophagus is normal. The main artery in the esophagus is normal. The main artery in the esophagus is normal. The main artery in the esophagus is normal. The main artery in the esophagus is normal. The main artery in the esophagus is normal. The main artery in the esophagus is normal. The main artery in the esophagus is normal. The main artery in the esophagus is normal. The main artery in
[TRACHEA]: Description:

The main artery of the esophagus is located in the lower part of the esophagus. The main artery of the esophagus is located in the lower part of the esophagus. The main artery of the esophagus is located in the lower part of the esophagus. The main artery of the esophagus is located in the lower part of the esophagus. The main artery of the esophagus is located in the lower part of the esophagus. The main artery of the esophagus is located in the lower part of the esophagus. The main artery of the esophagus is located in the lower part of the es
[SPINE]: This is a rush transcript. Copy may not be in its final form.

AMY GOODMAN: This is Democracy Now!, democracynow.org, The War and Peace Report. I'm Amy Goodman. I'm Amy Goodman, with Juan González.

JUAN GONZÁLEZ: Well, first of all, we're going to talk about what's happening in Syria right now. We're talking about President Bashar al-Assad's use of chemical weapons against his own people. He has used chemical weapons against his own people. And the United Nations says that he's responsible for the deaths of more than 1,000 people. In fact, there are reports that
[RIB]: This is the first time that I've been able to see a patient in this condition.

I am not sure if there are any other complications.

There were no significant changes in my liver or liver cirrhosis.

The liver was normal and well-controlled.

The liver was normal and well-controlled.

The liver was normal and well-controlled.

The liver was normal and well-controlled.

The liver was normal and well-controlled.

The liver was normal and well-controlled.

The liver was normal and well-controlled.

The liver was normal and well-controlled.

The liver was normal
[STERNUM]: In the past few years, there has been an increase in the number of vertebral blood vessels and a decrease in the volume of the periosteal wall. The main arteries were not enlarged at any time during the last trachea. There was no significant change in the volume of the periosteal wall between the first trachea. The main arteries were not enlarged at any time during the last trachea. The main arteries were not enlarged at any time during the last trachea. The main arteries were not enlarged at any time during the last trachea. The main arteries were not enlarged at any time during the last trachea. The main arteries were not enlarged
[LIVER]: Description:

This is the most common form of atherosclerosis in the heart. It is not clear whether it is caused by coronary heart disease or a vascular lesion. There are no signs of atherosclerosis in the heart, but there is an increase in the size of the arteries. The number of vessels in the heart are normal and normal. The volume of the heart was normal at the beginning of the first trachea. The main artery was normal at the beginning of the first trachea. The blood volume was normal at the beginning of the first trachea. The heart was normal at the beginning of the first trachea. The heart was normal at the
[GALLBLADDER]: This is a rush transcript. Copy may not be in its final form.

AMY GOODMAN: This is Democracy Now!, democracynow.org, The War and Peace Report. I'm Amy Goodman. I'm Amy Goodman, with Juan González.

JUAN GONZÁLEZ: Well, first of all, we're going to talk about what's happening in the United States right now. You know, President Trump has called for an investigation into Russia's interference in the 2016 presidential election. He said he wants to see if there was any collusion between the Trump campaign and Russia. And you know, it's hard to say whether that's true or not.
[STOMACH]: Description:

Describe the contour of the colonic layer. The colonic layer is thickened with a normal size. The colonic layer is thinened with a normal size. The colonic layer is not thickened with a normal size. The colonic layer is not thickened with a normal size. The colonic layer is not thickened with a normal size. The colonic layer is not thickened with a normal size. The colonic layer is not thickened with a normal size. The colonic layer is not thickened with a normal size. The colonic layer is not thickened with a normal size. The colonic layer is not thickened with a normal
[PANCREAS]: Description:

Aorta are normal and normal in size. Aorta are normal in size. Aorta are normal in size. Aorta are normal in size. Aorta are normal in size. Aorta are normal in size. Aorta are normal in size. Aorta are normal in size. Aorta are normal in size. Aorta are normal in size. Aorta are normal in size. Aorta are normal in size. Aorta are normal in size. Aorta are normal in size. Aorta are normal in size. Aorta are normal in size. Aorta are normal in size
[SPLEEN]: This is the first time that a patient has been admitted to the ICU. The liver and kidney are normal. The liver and kidney are normal. The liver and kidney are normal. The liver and kidney are normal. The liver and kidney are normal. The liver and kidney are normal. The liver and kidney are normal. The liver and kidney are normal. The liver and kidney are normal. The liver and kidney are normal. The liver and kidney are normal. The liver and kidney are normal. The liver and kidney are normal. The liver and kidney are normal. The liver and kidney are normal. The liver and kidney are normal. The liver and kidney are normal. The liver and kidney are normal
[KIDNEY]: This is a rush transcript. Copy may not be in its final form.

AMY GOODMAN: This is Democracy Now!, democracynow.org, The War and Peace Report. I'm Amy Goodman. I'm Amy Goodman, with Juan González.

JUAN GONZÁLEZ: Well, first of all, we're going to talk about what's happening in Syria right now. We're talking about President Bashar al-Assad's use of chemical weapons against his own people. He has used chemical weapons against his own people. And the United Nations says that Assad has used chemical weapons against his own people. What do you think?

JUAN G
[ADRENAL]: This is a rush transcript. Copy may not be in its final form.

AMY GOODMAN: This is Democracy Now!, democracynow.org, The War and Peace Report. I'm Amy Goodman. I'm Amy Goodman, with Juan González.

JUAN GONZÁLEZ: Well, first of all, we're going to talk about what's happening in the United States right now. You know, President Trump has called for an investigation into Russia's interference in the 2016 presidential election. He said he wants to see if there was any collusion between the Trump campaign and Russia. And you know, it's hard to say whether that's true or not.
[COLON]: A new study has found that the brain structure in the hippocampus of patients with Alzheimer's disease (AD) is significantly different from those in healthy controls.

The findings suggest that there is a significant increase in the number of neurons in the hippocampus of patients with AD.

There are no differences in the number of neurons in the hippocampus of patients with AD.

In addition, there is a significant increase in the number of cells in the hippocampus of patients with AD.

These findings suggest that there is a significant increase in the number of cells in the hippocampus of patients with AD.

It is suggested that there is a significant increase in the number of cells in the hippocampus of patients
[INTESTINE]: This is a rush transcript. Copy may not be in its final form.

AMY GOODMAN: This is Democracy Now!, democracynow.org, The War and Peace Report. I'm Amy Goodman. I'm Amy Goodman, with Juan González.

JUAN GONZÁLEZ: Well, first of all, we're going to talk about what's happening in Syria right now. We're talking about President Bashar al-Assad's use of chemical weapons against his own people. He has used chemical weapons against his own people. And the United Nations has called for an international investigation into whether he used chemical weapons against his own people.

Now, there are
[BLADDER]: This is a rush transcript. Copy may not be in its final form.

AMY GOODMAN: This is Democracy Now!, democracynow.org, The War and Peace Report. I'm Amy Goodman. I'm Amy Goodman, with Juan González.

JUAN GONZÁLEZ: Well, first of all, we're going to talk about what's happening in Syria right now. We're talking about President Bashar al-Assad's use of chemical weapons against his own people. He has used chemical weapons against his own people. And the United Nations has called for an international investigation into whether he was responsible for the attack on Khan Sheikhoun, which killed more than
[PROSTATE]: This is a rush transcript. Copy may not be in its final form.

AMY GOODMAN: This is Democracy Now!, democracynow.org, The War and Peace Report. I'm Amy Goodman. I'm Amy Goodman, with Juan González.

JUAN GONZÁLEZ: Well, let's talk about the war in Syria. You know, President Obama has said that he wants to see an end to the use of chemical weapons against civilians in Syria. But what does that mean for the United States?

JUAN GONZÁLEZ: Well, first of all, it means that the United States will no longer be able
[UTERUS]: This is a rush transcript. Copy may not be in its final form.

AMY GOODMAN: This is Democracy Now!, democracynow.org, The War and Peace Report. I'm Amy Goodman. I'm Amy Goodman, with Juan González.

JUAN GONZÁLEZ: Well, first of all, we're going to talk about what's happening right now in the United States. We've seen an unprecedented level of violence against women across the country. In New York City alone, more than 1,000 women have been killed by police since the start of the year, according to data from the National Crime Victimization Survey. That's up from just
[HUMERUS]: This is a rush transcript. Copy may not be in its final form.

AMY GOODMAN: This is Democracy Now!, democracynow.org, The War and Peace Report. I'm Amy Goodman. I'm Amy Goodman, with Juan González.

JUAN GONZÁLEZ: Well, first of all, we're going to talk about what's happening in the United States right now. You know, President Trump has called for an investigation into Russia's interference in the 2016 presidential election. He said he wants to see if there was any collusion between the Trump campaign and Russia. And you know, it's hard to say whether that's true or not.
[SCAPULA]: In the heart of the liver, a large volume of blood was found in the esophagus. The hepatomegia were enlarged and thickened. A small amount of fluid was found in the esophagus. An increase in the size of the esophagus was observed in the liver. No significant lesion was observed in the liver. Liver histology was normal. Hepatitis was not present in the liver. Blood pressure was normal in the liver. Hemoglobin was normal in the liver. Intracestain was normal in the liver. Gastrointestinal hemorrhage was normal in the liver.

Aorta are normal in the liver. There was no abnormal growth of the
[CLAVICULA]: This is a rush transcript. Copy may not be in its final form.

AMY GOODMAN: This is Democracy Now!, democracynow.org, The War and Peace Report. I'm Amy Goodman. I'm Amy Goodman, host of The War and Peace Report. We're talking about the war in Syria, which has killed more than 2,000 people since the start of the uprising against President Bashar al-Assad in March 2011. It's been described as ""the worst humanitarian disaster in human history."" What do you mean by that?

JUAN GONZÁLEZ: Well, first of all, we have to remember that there was no military solution to the crisis
[FEMUR]: This is a rush transcript. Copy may not be in its final form.

AMY GOODMAN: This is Democracy Now!, democracynow.org, The War and Peace Report. I'm Amy Goodman. I'm Amy Goodman, with Juan González.

JUAN GONZÁLEZ: Well, let's talk about the war in Syria. You know, President Obama has said that he wants to see an end to the use of chemical weapons by the Syrian government. But what does that mean for you?

JUAN GONZÁLEZ: Well, first of all, it means that we're going to have to stop using chemical weapons
[HIP]: This is a rush transcript. Copy may not be in its final form.

AMY GOODMAN: This is Democracy Now!, democracynow.org, The War and Peace Report. I'm Amy Goodman. I'm Amy Goodman, with Juan González.

JUAN GONZÁLEZ: Well, let's talk about the war in Syria. You know, President Obama has said that he wants to see an end to the use of chemical weapons against civilians in Syria. But what does that mean for the United States?

JUAN GONZÁLEZ: Well, first of all, it means that the United States will no longer be able
[SACRUM]: This is a rush transcript. Copy may not be in its final form.

AMY GOODMAN: This is Democracy Now!, democracynow.org, The War and Peace Report. I'm Amy Goodman. I'm Amy Goodman, with Juan González.

JUAN GONZÁLEZ: Well, first of all, we're going to talk about what's happening in the United States right now. You know, President Trump has called for an investigation into Russia's interference in the 2016 presidential election. He said he wants to see if there was any collusion between the Trump campaign and Russia. And you know, it's hard to say whether that's true or not.
[GLUTEUS]: This is a rush transcript. Copy may not be in its final form.

AMY GOODMAN: This is Democracy Now!, democracynow.org, The War and Peace Report. I'm Amy Goodman. I'm Amy Goodman, with Juan González.

JUAN GONZÁLEZ: Well, first of all, we're going to talk about what's happening in the United States right now. You know, President Trump has called for an investigation into Russia's interference in the 2016 presidential election. He said he wants to see if there was any collusion between the Trump campaign and Russia. And you know, it's hard to say whether that's true or not.
[ILIOPSOAS]: iliopsoas is a term used to refer to an individual who has been diagnosed with multiple sclerosis (MS).

Symptoms of MS include loss of consciousness, weakness, numbness, and/or tingling in the hands or feet. The symptoms may last for up to 24 hours.

Symptoms of MS include loss of consciousness, weakness, numbness, and/or tingling in the hands or feet. The symptoms may last for up to 24 hours. Signs and symptoms of MS include:

Weakness

Tingling in the hands or feet

Blurred vision

Difficulty breathing

Loss of appetite

Nausea
[AUTOCHTHON]: Abstract:

In this study, we observed a significant increase in the volume of the cerebral blood vessels. The volume of the cerebral blood vessels were not significantly different between the two groups. The volume of the cerebral blood vessels were not significantly different between the two groups. The volume of the cerebral blood vessels were not significantly different between the two groups. The volume of the cerebral blood vessels were not significantly different between the two groups. The volume of the cerebral blood vessels were not significantly different between the two groups. The volume of the cerebral blood vessels were not significantly different between the two groups. The volume of the cerebral blood vessels were not significantly different between the two groups. The volume of the cerebral blood vessels
"
